,link-href,product_name,product_star,product_sales,product_like,product_price,customer_gender,customer_height,customer_weight,fit,size,popular_age,popular_gender
0,https://www.musinsa.com/app/goods/2743259,빅로고 바람막이 티셔츠 그레이 FA1ANL03-GY,,,21,69000,,,,,,,
1,https://www.musinsa.com/app/goods/2660728,빈티지 반 집업_오트베이지,4.8,100개 이상,2931,72000,1,161,45,0,M ,24~33,1
2,https://www.musinsa.com/app/goods/2560852,[SET] 아치로고 카라 맨투맨 셋업_블랙,4.8,800개 이상,2052,104000,1,158,53,1,L ,19~28,0
3,https://www.musinsa.com/app/goods/2710380,[기모] 집업 패치 포켓 스웨트셔츠 베이지,4.0,,55,44600,,,,,,,
4,https://www.musinsa.com/app/goods/2560852,[SET] 아치로고 카라 맨투맨 셋업_블랙,4.8,800개 이상,2052,104000,1,163,63,0,M ,19~28,0
5,https://www.musinsa.com/app/goods/2560852,[SET] 아치로고 카라 맨투맨 셋업_블랙,4.8,800개 이상,2052,104000,1,164,55,0,M ,19~28,0
6,https://www.musinsa.com/app/goods/2749425,로럴 오버핏 기모 반집업 블루,,,5,55900,,,,,,,
7,https://www.musinsa.com/app/goods/2660728,빈티지 반 집업_오트베이지,4.8,100개 이상,2931,72000,0,174,55,0,M ,24~33,1
8,https://www.musinsa.com/app/goods/2100524,HALF ZIP-UP SWEATSHIRT WHITE MELANGE,4.7,4700,22133,62000,1,170,58,0,화이트멜란지 FREE ,19~28,1
9,https://www.musinsa.com/app/goods/1560932,빈티지 반 집업_그레이,4.8,3900,26071,72000,0,173,70,0,그레이 FREE ,19~28,0
10,https://www.musinsa.com/app/goods/2054385,빈티지 반 집업_네이비,4.8,400,14653,72000,1,164,60,0,FREE ,19~28,0
11,https://www.musinsa.com/app/goods/2560852,[SET] 아치로고 카라 맨투맨 셋업_블랙,4.8,800개 이상,2052,104000,0,178,96,0,XL ,19~28,0
12,https://www.musinsa.com/app/goods/2100524,HALF ZIP-UP SWEATSHIRT WHITE MELANGE,4.7,4700,22133,62000,1,163,59,0,화이트멜란지 FREE ,19~28,1
13,https://www.musinsa.com/app/goods/1560932,빈티지 반 집업_그레이,4.8,3900,26071,72000,0,177,69,0,그레이 FREE ,19~28,0
14,https://www.musinsa.com/app/goods/535475,로고 아노락 풀오버 하프집업 블랙,4.8,1100,6977,65000,0,177,75,0,XL ,19~28,0
15,https://www.musinsa.com/app/goods/535475,로고 아노락 풀오버 하프집업 블랙,4.8,1100,6977,65000,0,183,84,0,XL ,19~28,0
16,https://www.musinsa.com/app/goods/535475,로고 아노락 풀오버 하프집업 블랙,4.8,1100,6977,65000,0,175,65,0,L ,19~28,0
17,https://www.musinsa.com/app/goods/2100524,HALF ZIP-UP SWEATSHIRT WHITE MELANGE,4.7,4700,22133,62000,1,165,59,0,화이트멜란지 FREE ,19~28,1
18,https://www.musinsa.com/app/goods/2054385,빈티지 반 집업_네이비,4.8,400,14653,72000,0,182,69,0,FREE ,19~28,0
19,https://www.musinsa.com/app/goods/535475,로고 아노락 풀오버 하프집업 블랙,4.8,1100,6977,65000,1,161,58,2,M 기모 ,19~28,0
20,https://www.musinsa.com/app/goods/2054385,빈티지 반 집업_네이비,4.8,400,14653,72000,0,178,75,0,FREE ,19~28,0
21,https://www.musinsa.com/app/goods/2560852,[SET] 아치로고 카라 맨투맨 셋업_블랙,4.8,800개 이상,2052,104000,1,163,49,0,XL ,19~28,0
22,https://www.musinsa.com/app/goods/2100524,HALF ZIP-UP SWEATSHIRT WHITE MELANGE,4.7,4700,22133,62000,1,159,50,0,화이트멜란지 FREE ,19~28,1
23,https://www.musinsa.com/app/goods/2100524,HALF ZIP-UP SWEATSHIRT WHITE MELANGE,4.7,4700,22133,62000,1,163,53,0,화이트멜란지 FREE ,19~28,1
24,https://www.musinsa.com/app/goods/1560932,빈티지 반 집업_그레이,4.8,3900,26071,72000,0,176,63,1,그레이 FREE ,19~28,0
25,https://www.musinsa.com/app/goods/2054385,빈티지 반 집업_네이비,4.8,400,14653,72000,1,163,50,1,FREE ,19~28,0
26,https://www.musinsa.com/app/goods/2752318,테니스 하프 집업 카라 맨투맨 MZT706 [WHITE],,,6,75800,,,,,,,
27,https://www.musinsa.com/app/goods/2560852,[SET] 아치로고 카라 맨투맨 셋업_블랙,4.8,800개 이상,2052,104000,0,168,52,0,L ,19~28,0
28,https://www.musinsa.com/app/goods/2054385,빈티지 반 집업_네이비,4.8,400,14653,72000,1,158,54,1,FREE ,19~28,0
29,https://www.musinsa.com/app/goods/2054385,빈티지 반 집업_네이비,4.8,400,14653,72000,0,173,58,1,FREE ,19~28,0
30,https://www.musinsa.com/app/goods/2748464,[패키지] 마일 세트 4종(하프넥 맨투맨 BJMT4510+트레이닝 팬츠 DELP4444),,,38,75700,,,,,,,
31,https://www.musinsa.com/app/goods/2054385,빈티지 반 집업_네이비,4.8,400,14653,72000,0,171,70,0,FREE ,19~28,0
32,https://www.musinsa.com/app/goods/2054385,빈티지 반 집업_네이비,4.8,400,14653,72000,0,175,65,0,FREE ,19~28,0
33,https://www.musinsa.com/app/goods/2054385,빈티지 반 집업_네이비,4.8,400,14653,72000,1,161,53,0,M ,19~28,0
34,https://www.musinsa.com/app/goods/2100524,HALF ZIP-UP SWEATSHIRT WHITE MELANGE,4.7,4700,22133,62000,1,167,53,0,화이트멜란지 FREE ,19~28,1
35,https://www.musinsa.com/app/goods/1560932,빈티지 반 집업_그레이,4.8,3900,26071,72000,0,170,60,0,그레이 FREE ,19~28,0
36,https://www.musinsa.com/app/goods/2100524,HALF ZIP-UP SWEATSHIRT WHITE MELANGE,4.7,4700,22133,62000,1,160,56,0,화이트멜란지 FREE ,19~28,1
37,https://www.musinsa.com/app/goods/2054385,빈티지 반 집업_네이비,4.8,400,14653,72000,0,182,90,0,FREE ,19~28,0
38,https://www.musinsa.com/app/goods/2560852,[SET] 아치로고 카라 맨투맨 셋업_블랙,4.8,800개 이상,2052,104000,0,174,70,1,L ,19~28,0
39,https://www.musinsa.com/app/goods/2100524,HALF ZIP-UP SWEATSHIRT WHITE MELANGE,4.7,4700,22133,62000,1,158,55,0,화이트멜란지 FREE ,19~28,1
40,https://www.musinsa.com/app/goods/2560852,[SET] 아치로고 카라 맨투맨 셋업_블랙,4.8,800개 이상,2052,104000,0,172,67,0,L ,19~28,0
41,https://www.musinsa.com/app/goods/2757338,Waffle Polo Natural,,,101,99000,,,,,,,
42,https://www.musinsa.com/app/goods/2054385,빈티지 반 집업_네이비,4.8,400,14653,72000,0,171,68,1,FREE ,19~28,0
43,https://www.musinsa.com/app/goods/2710445,스포티 오버핏 아노락 블랙,5.0,100개 이상,607,55800,0,173,66,0,S ,19~28,1
44,https://www.musinsa.com/app/goods/535475,로고 아노락 풀오버 하프집업 블랙,4.8,1100,6977,65000,0,188,87,0,XL ,19~28,0
45,https://www.musinsa.com/app/goods/2716697,스카우트 하프 집업 스웨트셔츠 블랙,,,38,59000,,,,,,,
46,https://www.musinsa.com/app/goods/2054385,빈티지 반 집업_네이비,4.8,400,14653,72000,0,176,75,1,FREE ,19~28,0
47,https://www.musinsa.com/app/goods/2743254,빅로고 바람막이 티셔츠 블랙 FA1ANL03-BK,,,17,69000,,,,,,,
48,https://www.musinsa.com/app/goods/2757335,Waffle Polo Charcoal,,,113,99000,,,,,,,
49,https://www.musinsa.com/app/goods/2754929,[패키지 세트] Bay tree 오버핏 아노락 트레이닝 셋업 (네이비),,,2,71000,,,,,,,
50,https://www.musinsa.com/app/goods/2100524,HALF ZIP-UP SWEATSHIRT WHITE MELANGE,4.7,4700,22133,62000,1,168,49,0,화이트멜란지 FREE ,19~28,1
51,https://www.musinsa.com/app/goods/2100524,HALF ZIP-UP SWEATSHIRT WHITE MELANGE,4.7,4700,22133,62000,1,170,60,0,화이트멜란지 FREE ,19~28,1
52,https://www.musinsa.com/app/goods/535475,로고 아노락 풀오버 하프집업 블랙,4.8,1100,6977,65000,0,177,92,0,XL ,19~28,0
53,https://www.musinsa.com/app/goods/2054385,빈티지 반 집업_네이비,4.8,400,14653,72000,0,177,65,0,FREE ,19~28,0
54,https://www.musinsa.com/app/goods/2054385,빈티지 반 집업_네이비,4.8,400,14653,72000,1,165,56,0,FREE ,19~28,0
55,https://www.musinsa.com/app/goods/2054385,빈티지 반 집업_네이비,4.8,400,14653,72000,1,157,46,0,FREE ,19~28,0
56,https://www.musinsa.com/app/goods/2054385,빈티지 반 집업_네이비,4.8,400,14653,72000,0,170,60,1,FREE ,19~28,0
57,https://www.musinsa.com/app/goods/2054385,빈티지 반 집업_네이비,4.8,400,14653,72000,0,176,72,0,FREE ,19~28,0
58,https://www.musinsa.com/app/goods/2100524,HALF ZIP-UP SWEATSHIRT WHITE MELANGE,4.7,4700,22133,62000,1,166,60,2,화이트멜란지 FREE ,19~28,1
59,https://www.musinsa.com/app/goods/535475,로고 아노락 풀오버 하프집업 블랙,4.8,1100,6977,65000,0,174,58,0,L ,19~28,0
60,https://www.musinsa.com/app/goods/1560932,빈티지 반 집업_그레이,4.8,3900,26071,72000,0,178,75,0,그레이 FREE ,19~28,0
61,https://www.musinsa.com/app/goods/535475,로고 아노락 풀오버 하프집업 블랙,4.8,1100,6977,65000,1,180,90,0,XL ,19~28,0
62,https://www.musinsa.com/app/goods/2054385,빈티지 반 집업_네이비,4.8,400,14653,72000,0,177,70,0,FREE ,19~28,0
63,https://www.musinsa.com/app/goods/2054385,빈티지 반 집업_네이비,4.8,400,14653,72000,0,167,65,0,FREE ,19~28,0
64,https://www.musinsa.com/app/goods/535475,로고 아노락 풀오버 하프집업 블랙,4.8,1100,6977,65000,1,167,30,0,L ,19~28,0
65,https://www.musinsa.com/app/goods/2100524,HALF ZIP-UP SWEATSHIRT WHITE MELANGE,4.7,4700,22133,62000,1,163,58,0,화이트멜란지 FREE ,19~28,1
66,https://www.musinsa.com/app/goods/1560932,빈티지 반 집업_그레이,4.8,3900,26071,72000,1,153,50,1,그레이 FREE ,19~28,0
67,https://www.musinsa.com/app/goods/1560932,빈티지 반 집업_그레이,4.8,3900,26071,72000,0,187,70,0,그레이 FREE ,19~28,0
68,https://www.musinsa.com/app/goods/2100524,HALF ZIP-UP SWEATSHIRT WHITE MELANGE,4.7,4700,22133,62000,1,166,54,0,화이트멜란지 FREE ,19~28,1
69,https://www.musinsa.com/app/goods/2100524,HALF ZIP-UP SWEATSHIRT WHITE MELANGE,4.7,4700,22133,62000,1,158,45,0,화이트멜란지 FREE ,19~28,1
70,https://www.musinsa.com/app/goods/2054385,빈티지 반 집업_네이비,4.8,400,14653,72000,0,175,64,0,FREE ,19~28,0
71,https://www.musinsa.com/app/goods/535475,로고 아노락 풀오버 하프집업 블랙,4.8,1100,6977,65000,1,173,58,0,L ,19~28,0
72,https://www.musinsa.com/app/goods/2054385,빈티지 반 집업_네이비,4.8,400,14653,72000,0,175,81,0,FREE ,19~28,0
73,https://www.musinsa.com/app/goods/2560852,[SET] 아치로고 카라 맨투맨 셋업_블랙,4.8,800개 이상,2052,104000,1,162,55,0,M ,19~28,0
74,https://www.musinsa.com/app/goods/535475,로고 아노락 풀오버 하프집업 블랙,4.8,1100,6977,65000,0,173,90,0,XL ,19~28,0
75,https://www.musinsa.com/app/goods/2054385,빈티지 반 집업_네이비,4.8,400,14653,72000,0,177,80,0,FREE ,19~28,0
76,https://www.musinsa.com/app/goods/1560932,빈티지 반 집업_그레이,4.8,3900,26071,72000,0,187,80,0,그레이 FREE ,19~28,0
77,https://www.musinsa.com/app/goods/2100524,HALF ZIP-UP SWEATSHIRT WHITE MELANGE,4.7,4700,22133,62000,1,164,50,0,화이트멜란지 FREE ,19~28,1
78,https://www.musinsa.com/app/goods/2054385,빈티지 반 집업_네이비,4.8,400,14653,72000,0,175,60,0,FREE ,19~28,0
79,https://www.musinsa.com/app/goods/1560932,빈티지 반 집업_그레이,4.8,3900,26071,72000,0,174,61,0,그레이 FREE ,19~28,0
80,https://www.musinsa.com/app/goods/2560852,[SET] 아치로고 카라 맨투맨 셋업_블랙,4.8,800개 이상,2052,104000,0,176,85,0,XL ,19~28,0
81,https://www.musinsa.com/app/goods/1560932,빈티지 반 집업_그레이,4.8,3900,26071,72000,0,177,70,0,그레이 FREE ,19~28,0
82,https://www.musinsa.com/app/goods/2054385,빈티지 반 집업_네이비,4.8,400,14653,72000,0,171,60,0,M ,19~28,0
83,https://www.musinsa.com/app/goods/535475,로고 아노락 풀오버 하프집업 블랙,4.8,1100,6977,65000,0,171,54,0,L ,19~28,0
84,https://www.musinsa.com/app/goods/2710385,[기모] 집업 패치 포켓 스웨트셔츠 멜란지 그레이,4.0,,96,44600,,,,,,,
85,https://www.musinsa.com/app/goods/1560932,빈티지 반 집업_그레이,4.8,3900,26071,72000,0,173,70,0,그레이 FREE ,19~28,0
86,https://www.musinsa.com/app/goods/2746038,School Bear 남여공용 오버핏  아노락 티셔츠 ANO301 (오트밀),,,10,44900,,,,,,,
87,https://www.musinsa.com/app/goods/1560932,빈티지 반 집업_그레이,4.8,3900,26071,72000,0,175,82,0,그레이 FREE ,19~28,0
88,https://www.musinsa.com/app/goods/2731310,엔젤 와펜 하프집업 블랙,5.0,,98,79000,1,157,57,1,S ,,
89,https://www.musinsa.com/app/goods/2560852,[SET] 아치로고 카라 맨투맨 셋업_블랙,4.8,800개 이상,2052,104000,1,165,60,1,L ,19~28,0
90,https://www.musinsa.com/app/goods/2100524,HALF ZIP-UP SWEATSHIRT WHITE MELANGE,4.7,4700,22133,62000,1,174,60,0,화이트멜란지 FREE ,19~28,1
91,https://www.musinsa.com/app/goods/535475,로고 아노락 풀오버 하프집업 블랙,4.8,1100,6977,65000,0,178,75,2,L ,19~28,0
92,https://www.musinsa.com/app/goods/2560852,[SET] 아치로고 카라 맨투맨 셋업_블랙,4.8,800개 이상,2052,104000,1,163,60,1,XL ,19~28,0
93,https://www.musinsa.com/app/goods/1560932,빈티지 반 집업_그레이,4.8,3900,26071,72000,0,179,74,1,그레이 FREE ,19~28,0
94,https://www.musinsa.com/app/goods/2744290,아치 C 로고 카라 하프 집업 맨투맨 레드,5.0,,62,79000,0,171,70,0,M ,,
95,https://www.musinsa.com/app/goods/2744291,아치 C 로고 카라 하프 집업 맨투맨 네이비,5.0,50개 미000,228,79000,,,,,,34 이상,0
96,https://www.musinsa.com/app/goods/2100524,HALF ZIP-UP SWEATSHIRT WHITE MELANGE,4.7,4700,22133,62000,1,168,57,0,화이트멜란지 FREE ,19~28,1
97,https://www.musinsa.com/app/goods/2054385,빈티지 반 집업_네이비,4.8,400,14653,72000,0,170,80,0,FREE ,19~28,0
98,https://www.musinsa.com/app/goods/2718313,UNISEX LEATHER LOGO HALF ZIP-UP SWEATSHIRT FRENCH NAVY_UDTS2C107N3,4.8,50개 이상,279,89000,1,163,44,0,FRENCH NAVY 00S ,24~33,1
99,https://www.musinsa.com/app/goods/1560932,빈티지 반 집업_그레이,4.8,3900,26071,72000,1,167,50,0,그레이 FREE ,19~28,0
100,https://www.musinsa.com/app/goods/2054385,빈티지 반 집업_네이비,4.8,400,14653,72000,0,170,85,1,FREE ,19~28,0
101,https://www.musinsa.com/app/goods/1560932,빈티지 반 집업_그레이,4.8,3900,26071,72000,1,158,57,1,그레이 FREE ,19~28,0
102,https://www.musinsa.com/app/goods/2100524,HALF ZIP-UP SWEATSHIRT WHITE MELANGE,4.7,4700,22133,62000,1,155,55,0,화이트멜란지 FREE ,19~28,1
103,https://www.musinsa.com/app/goods/2100524,HALF ZIP-UP SWEATSHIRT WHITE MELANGE,4.7,4700,22133,62000,1,163,48,0,화이트멜란지 FREE ,19~28,1
104,https://www.musinsa.com/app/goods/2100524,HALF ZIP-UP SWEATSHIRT WHITE MELANGE,4.7,4700,22133,62000,1,165,54,0,화이트멜란지 FREE ,19~28,1
105,https://www.musinsa.com/app/goods/535475,로고 아노락 풀오버 하프집업 블랙,4.8,1100,6977,65000,0,186,90,0,XL ,19~28,0
106,https://www.musinsa.com/app/goods/535475,로고 아노락 풀오버 하프집업 블랙,4.8,1100,6977,65000,0,173,78,0,XL ,19~28,0
107,https://www.musinsa.com/app/goods/2560852,[SET] 아치로고 카라 맨투맨 셋업_블랙,4.8,800개 이상,2052,104000,0,185,85,0,XL ,19~28,0
108,https://www.musinsa.com/app/goods/2054385,빈티지 반 집업_네이비,4.8,400,14653,72000,0,181,70,0,FREE ,19~28,0
109,https://www.musinsa.com/app/goods/2748465,[패키지] 2pack 마일 하프넥 맨투맨 6종 BJMT4510,,,84,71800,,,,,,,
110,https://www.musinsa.com/app/goods/2560852,[SET] 아치로고 카라 맨투맨 셋업_블랙,4.8,800개 이상,2052,104000,0,180,67,0,L ,19~28,0
111,https://www.musinsa.com/app/goods/535475,로고 아노락 풀오버 하프집업 블랙,4.8,1100,6977,65000,0,170,74,0,XL ,19~28,0
112,https://www.musinsa.com/app/goods/2560852,[SET] 아치로고 카라 맨투맨 셋업_블랙,4.8,800개 이상,2052,104000,1,164,65,0,L ,19~28,0
113,https://www.musinsa.com/app/goods/1560932,빈티지 반 집업_그레이,4.8,3900,26071,72000,0,176,70,0,그레이 FREE ,19~28,0
114,https://www.musinsa.com/app/goods/2718313,UNISEX LEATHER LOGO HALF ZIP-UP SWEATSHIRT FRENCH NAVY_UDTS2C107N3,4.8,50개 이상,279,89000,1,159,49,0,FRENCH NAVY 0XS ,24~33,1
115,https://www.musinsa.com/app/goods/2054385,빈티지 반 집업_네이비,4.8,400,14653,72000,0,181,61,0,L ,19~28,0
116,https://www.musinsa.com/app/goods/2716699,스카우트 하프 집업 스웨트셔츠 헤더 그레이,,,75,59000,,,,,,,
117,https://www.musinsa.com/app/goods/1560932,빈티지 반 집업_그레이,4.8,3900,26071,72000,0,170,58,0,그레이 M ,19~28,0
118,https://www.musinsa.com/app/goods/2560852,[SET] 아치로고 카라 맨투맨 셋업_블랙,4.8,800개 이상,2052,104000,0,172,60,0,L ,19~28,0
119,https://www.musinsa.com/app/goods/2100524,HALF ZIP-UP SWEATSHIRT WHITE MELANGE,4.7,4700,22133,62000,1,177,61,0,화이트멜란지 FREE ,19~28,1
120,https://www.musinsa.com/app/goods/2054385,빈티지 반 집업_네이비,4.8,400,14653,72000,0,184,85,0,FREE ,19~28,0
121,https://www.musinsa.com/app/goods/2560852,[SET] 아치로고 카라 맨투맨 셋업_블랙,4.8,800개 이상,2052,104000,0,169,63,0,M ,19~28,0
122,https://www.musinsa.com/app/goods/535475,로고 아노락 풀오버 하프집업 블랙,4.8,1100,6977,65000,0,166,64,0,M 기모 ,19~28,0
123,https://www.musinsa.com/app/goods/1560932,빈티지 반 집업_그레이,4.8,3900,26071,72000,0,170,61,1,그레이 FREE ,19~28,0
124,https://www.musinsa.com/app/goods/535475,로고 아노락 풀오버 하프집업 블랙,4.8,1100,6977,65000,0,175,63,0,L ,19~28,0
125,https://www.musinsa.com/app/goods/1560932,빈티지 반 집업_그레이,4.8,3900,26071,72000,1,162,55,1,그레이 M ,19~28,0
126,https://www.musinsa.com/app/goods/2749424,로럴 오버핏 기모 반집업 블랙,,,18,55900,,,,,,,
127,https://www.musinsa.com/app/goods/2100524,HALF ZIP-UP SWEATSHIRT WHITE MELANGE,4.7,4700,22133,62000,1,160,50,0,화이트멜란지 FREE ,19~28,1
128,https://www.musinsa.com/app/goods/1560932,빈티지 반 집업_그레이,4.8,3900,26071,72000,0,174,60,0,그레이 FREE ,19~28,0
129,https://www.musinsa.com/app/goods/2054385,빈티지 반 집업_네이비,4.8,400,14653,72000,0,168,64,0,FREE ,19~28,0
130,https://www.musinsa.com/app/goods/2748227,1997 Logo zip-up mtm (네이비),,,109,79000,,,,,,,
131,https://www.musinsa.com/app/goods/535475,로고 아노락 풀오버 하프집업 블랙,4.8,1100,6977,65000,1,171,61,1,XL ,19~28,0
132,https://www.musinsa.com/app/goods/2724067,잼버리 칼라드 하프 집업 스웨트셔츠 블랙,,,43,59000,,,,,,,
133,https://www.musinsa.com/app/goods/535475,로고 아노락 풀오버 하프집업 블랙,4.8,1100,6977,65000,1,167,58,0,M 기모 ,19~28,0
134,https://www.musinsa.com/app/goods/535475,로고 아노락 풀오버 하프집업 블랙,4.8,1100,6977,65000,0,177,77,0,XL ,19~28,0
135,https://www.musinsa.com/app/goods/1560932,빈티지 반 집업_그레이,4.8,3900,26071,72000,0,172,67,0,그레이 FREE ,19~28,0
136,https://www.musinsa.com/app/goods/2100524,HALF ZIP-UP SWEATSHIRT WHITE MELANGE,4.7,4700,22133,62000,1,155,44,0,화이트멜란지 FREE ,19~28,1
137,https://www.musinsa.com/app/goods/2560852,[SET] 아치로고 카라 맨투맨 셋업_블랙,4.8,800개 이상,2052,104000,1,166,58,1,L ,19~28,0
138,https://www.musinsa.com/app/goods/2054385,빈티지 반 집업_네이비,4.8,400,14653,72000,1,164,57,1,FREE ,19~28,0
139,https://www.musinsa.com/app/goods/2100524,HALF ZIP-UP SWEATSHIRT WHITE MELANGE,4.7,4700,22133,62000,1,166,55,0,화이트멜란지 FREE ,19~28,1
140,https://www.musinsa.com/app/goods/2748189,로고 블랙 반집업 맨투맨,,,94,79000,,,,,,,
141,https://www.musinsa.com/app/goods/535475,로고 아노락 풀오버 하프집업 블랙,4.8,1100,6977,65000,0,170,68,0,L ,19~28,0
142,https://www.musinsa.com/app/goods/2100524,HALF ZIP-UP SWEATSHIRT WHITE MELANGE,4.7,4700,22133,62000,1,165,57,0,화이트멜란지 FREE ,19~28,1
143,https://www.musinsa.com/app/goods/1560932,빈티지 반 집업_그레이,4.8,3900,26071,72000,0,178,62,2,그레이 FREE ,19~28,0
144,https://www.musinsa.com/app/goods/1560932,빈티지 반 집업_그레이,4.8,3900,26071,72000,1,164,56,1,그레이 FREE ,19~28,0
145,https://www.musinsa.com/app/goods/2560852,[SET] 아치로고 카라 맨투맨 셋업_블랙,4.8,800개 이상,2052,104000,0,180,80,0,XL ,19~28,0
146,https://www.musinsa.com/app/goods/535475,로고 아노락 풀오버 하프집업 블랙,4.8,1100,6977,65000,0,184,85,0,XL ,19~28,0
147,https://www.musinsa.com/app/goods/1560932,빈티지 반 집업_그레이,4.8,3900,26071,72000,0,182,61,0,그레이 FREE ,19~28,0
148,https://www.musinsa.com/app/goods/535475,로고 아노락 풀오버 하프집업 블랙,4.8,1100,6977,65000,0,192,82,0,XL ,19~28,0
149,https://www.musinsa.com/app/goods/535475,로고 아노락 풀오버 하프집업 블랙,4.8,1100,6977,65000,0,172,68,1,XL ,19~28,0
150,https://www.musinsa.com/app/goods/1560932,빈티지 반 집업_그레이,4.8,3900,26071,72000,0,173,75,0,그레이 FREE ,19~28,0
151,https://www.musinsa.com/app/goods/2738454,컬러배색 스웻 아노락 BLACK,,,15,99000,,,,,,,
152,https://www.musinsa.com/app/goods/1560932,빈티지 반 집업_그레이,4.8,3900,26071,72000,1,159,50,1,그레이 FREE ,19~28,0
153,https://www.musinsa.com/app/goods/1560932,빈티지 반 집업_그레이,4.8,3900,26071,72000,0,173,58,0,그레이 FREE ,19~28,0
154,https://www.musinsa.com/app/goods/2054385,빈티지 반 집업_네이비,4.8,400,14653,72000,0,178,72,0,FREE ,19~28,0
155,https://www.musinsa.com/app/goods/2560852,[SET] 아치로고 카라 맨투맨 셋업_블랙,4.8,800개 이상,2052,104000,0,176,80,0,XL ,19~28,0
156,https://www.musinsa.com/app/goods/2100524,HALF ZIP-UP SWEATSHIRT WHITE MELANGE,4.7,4700,22133,62000,1,168,53,0,화이트멜란지 FREE ,19~28,1
157,https://www.musinsa.com/app/goods/2054385,빈티지 반 집업_네이비,4.8,400,14653,72000,0,174,68,0,FREE ,19~28,0
158,https://www.musinsa.com/app/goods/2660728,빈티지 반 집업_오트베이지,4.8,100개 이상,2931,72000,1,158,51,1,M ,24~33,1
159,https://www.musinsa.com/app/goods/2560852,[SET] 아치로고 카라 맨투맨 셋업_블랙,4.8,800개 이상,2052,104000,0,172,65,0,L ,19~28,0
160,https://www.musinsa.com/app/goods/2054385,빈티지 반 집업_네이비,4.8,400,14653,72000,0,178,85,0,FREE ,19~28,0
161,https://www.musinsa.com/app/goods/1560932,빈티지 반 집업_그레이,4.8,3900,26071,72000,0,170,60,1,그레이 FREE ,19~28,0
162,https://www.musinsa.com/app/goods/2054385,빈티지 반 집업_네이비,4.8,400,14653,72000,1,157,58,1,FREE ,19~28,0
163,https://www.musinsa.com/app/goods/2054385,빈티지 반 집업_네이비,4.8,400,14653,72000,0,183,81,0,FREE ,19~28,0
164,https://www.musinsa.com/app/goods/535475,로고 아노락 풀오버 하프집업 블랙,4.8,1100,6977,65000,0,180,65,0,L ,19~28,0
165,https://www.musinsa.com/app/goods/2743251,빅로고 바람막이 티셔츠 화이트 FA1ANL03-WH,,,18,69000,,,,,,,
166,https://www.musinsa.com/app/goods/2100524,HALF ZIP-UP SWEATSHIRT WHITE MELANGE,4.7,4700,22133,62000,1,181,65,2,화이트멜란지 FREE ,19~28,1
167,https://www.musinsa.com/app/goods/1560932,빈티지 반 집업_그레이,4.8,3900,26071,72000,0,168,150,0,그레이 FREE ,19~28,0
168,https://www.musinsa.com/app/goods/2054385,빈티지 반 집업_네이비,4.8,400,14653,72000,1,168,52,0,FREE ,19~28,0
169,https://www.musinsa.com/app/goods/1560932,빈티지 반 집업_그레이,4.8,3900,26071,72000,0,172,70,0,그레이 FREE ,19~28,0
170,https://www.musinsa.com/app/goods/1560932,빈티지 반 집업_그레이,4.8,3900,26071,72000,0,160,79,0,그레이 FREE ,19~28,0
171,https://www.musinsa.com/app/goods/2560852,[SET] 아치로고 카라 맨투맨 셋업_블랙,4.8,800개 이상,2052,104000,1,158,55,0,M ,19~28,0
172,https://www.musinsa.com/app/goods/2710444,스포티 오버핏 아노락 네이비,5.0,200개 이상,1680,55800,1,160,50,1,S ,19~28,1
173,https://www.musinsa.com/app/goods/2749500,1989 하프집업(네이비),,,10,72000,,,,,,,
174,https://www.musinsa.com/app/goods/2054385,빈티지 반 집업_네이비,4.8,400,14653,72000,1,162,78,1,FREE ,19~28,0
175,https://www.musinsa.com/app/goods/1560932,빈티지 반 집업_그레이,4.8,3900,26071,72000,0,178,74,0,그레이 FREE ,19~28,0
176,https://www.musinsa.com/app/goods/2560852,[SET] 아치로고 카라 맨투맨 셋업_블랙,4.8,800개 이상,2052,104000,0,173,63,0,M ,19~28,0
177,https://www.musinsa.com/app/goods/2100524,HALF ZIP-UP SWEATSHIRT WHITE MELANGE,4.7,4700,22133,62000,1,154,50,0,화이트멜란지 FREE ,19~28,1
178,https://www.musinsa.com/app/goods/2054385,빈티지 반 집업_네이비,4.8,400,14653,72000,0,183,90,0,FREE ,19~28,0
179,https://www.musinsa.com/app/goods/2710388,[기모] 집업 패치 포켓 스웨트셔츠 블랙,4.0,,99,44600,,,,,,,
180,https://www.musinsa.com/app/goods/1560932,빈티지 반 집업_그레이,4.8,3900,26071,72000,1,165,50,0,그레이 FREE ,19~28,0
181,https://www.musinsa.com/app/goods/535475,로고 아노락 풀오버 하프집업 블랙,4.8,1100,6977,65000,0,172,65,0,L ,19~28,0
182,https://www.musinsa.com/app/goods/535475,로고 아노락 풀오버 하프집업 블랙,4.8,1100,6977,65000,0,165,67,0,L ,19~28,0
183,https://www.musinsa.com/app/goods/2054385,빈티지 반 집업_네이비,4.8,400,14653,72000,1,167,53,0,FREE ,19~28,0
184,https://www.musinsa.com/app/goods/535475,로고 아노락 풀오버 하프집업 블랙,4.8,1100,6977,65000,0,181,86,0,XL ,19~28,0
185,https://www.musinsa.com/app/goods/535475,로고 아노락 풀오버 하프집업 블랙,4.8,1100,6977,65000,0,172,63,0,L ,19~28,0
186,https://www.musinsa.com/app/goods/2560852,[SET] 아치로고 카라 맨투맨 셋업_블랙,4.8,800개 이상,2052,104000,0,176,82,0,XL ,19~28,0
187,https://www.musinsa.com/app/goods/2054385,빈티지 반 집업_네이비,4.8,400,14653,72000,0,173,90,0,FREE ,19~28,0
188,https://www.musinsa.com/app/goods/2100524,HALF ZIP-UP SWEATSHIRT WHITE MELANGE,4.7,4700,22133,62000,1,163,56,0,화이트멜란지 FREE ,19~28,1
189,https://www.musinsa.com/app/goods/2100524,HALF ZIP-UP SWEATSHIRT WHITE MELANGE,4.7,4700,22133,62000,1,169,59,0,화이트멜란지 FREE ,19~28,1
190,https://www.musinsa.com/app/goods/535475,로고 아노락 풀오버 하프집업 블랙,4.8,1100,6977,65000,0,170,67,0,M ,19~28,0
191,https://www.musinsa.com/app/goods/535475,로고 아노락 풀오버 하프집업 블랙,4.8,1100,6977,65000,0,173,71,1,XL ,19~28,0
192,https://www.musinsa.com/app/goods/2054385,빈티지 반 집업_네이비,4.8,400,14653,72000,0,173,85,0,FREE ,19~28,0
193,https://www.musinsa.com/app/goods/1560932,빈티지 반 집업_그레이,4.8,3900,26071,72000,0,168,68,1,그레이 M ,19~28,0
194,https://www.musinsa.com/app/goods/1560932,빈티지 반 집업_그레이,4.8,3900,26071,72000,0,179,76,0,그레이 FREE ,19~28,0
195,https://www.musinsa.com/app/goods/1560932,빈티지 반 집업_그레이,4.8,3900,26071,72000,0,172,71,0,그레이 FREE ,19~28,0
196,https://www.musinsa.com/app/goods/1560932,빈티지 반 집업_그레이,4.8,3900,26071,72000,0,178,72,0,그레이 L ,19~28,0
197,https://www.musinsa.com/app/goods/2100524,HALF ZIP-UP SWEATSHIRT WHITE MELANGE,4.7,4700,22133,62000,1,168,50,0,화이트멜란지 FREE ,19~28,1
198,https://www.musinsa.com/app/goods/535475,로고 아노락 풀오버 하프집업 블랙,4.8,1100,6977,65000,1,160,55,1,L ,19~28,0
199,https://www.musinsa.com/app/goods/2054385,빈티지 반 집업_네이비,4.8,400,14653,72000,0,168,66,1,FREE ,19~28,0
200,https://www.musinsa.com/app/goods/2705718,선샤인 트랙 반집업 맨투맨 IVORY,,,5,169000,,,,,,,
201,https://www.musinsa.com/app/goods/535475,로고 아노락 풀오버 하프집업 블랙,4.8,1100,6977,65000,0,165,55,0,M 기모 ,19~28,0
202,https://www.musinsa.com/app/goods/2054385,빈티지 반 집업_네이비,4.8,400,14653,72000,0,179,63,1,FREE ,19~28,0
203,https://www.musinsa.com/app/goods/2054385,빈티지 반 집업_네이비,4.8,400,14653,72000,0,178,68,1,FREE ,19~28,0
204,https://www.musinsa.com/app/goods/2054385,빈티지 반 집업_네이비,4.8,400,14653,72000,0,170,62,0,FREE ,19~28,0
205,https://www.musinsa.com/app/goods/2054385,빈티지 반 집업_네이비,4.8,400,14653,72000,1,170,60,1,FREE ,19~28,0
206,https://www.musinsa.com/app/goods/2710445,스포티 오버핏 아노락 블랙,5.0,100개 이상,607,55800,0,167,61,0,S ,19~28,1
207,https://www.musinsa.com/app/goods/535475,로고 아노락 풀오버 하프집업 블랙,4.8,1100,6977,65000,0,176,65,0,L ,19~28,0
208,https://www.musinsa.com/app/goods/1560932,빈티지 반 집업_그레이,4.8,3900,26071,72000,0,170,61,0,그레이 FREE ,19~28,0
209,https://www.musinsa.com/app/goods/2100524,HALF ZIP-UP SWEATSHIRT WHITE MELANGE,4.7,4700,22133,62000,1,155,45,0,화이트멜란지 FREE ,19~28,1
210,https://www.musinsa.com/app/goods/2100524,HALF ZIP-UP SWEATSHIRT WHITE MELANGE,4.7,4700,22133,62000,1,155,45,0,화이트멜란지 FREE ,19~28,1
211,https://www.musinsa.com/app/goods/2560852,[SET] 아치로고 카라 맨투맨 셋업_블랙,4.8,800개 이상,2052,104000,1,162,46,0,M ,19~28,0
212,https://www.musinsa.com/app/goods/535475,로고 아노락 풀오버 하프집업 블랙,4.8,1100,6977,65000,1,158,54,1,L ,19~28,0
213,https://www.musinsa.com/app/goods/2054385,빈티지 반 집업_네이비,4.8,400,14653,72000,0,169,68,0,FREE ,19~28,0
214,https://www.musinsa.com/app/goods/1560932,빈티지 반 집업_그레이,4.8,3900,26071,72000,1,171,70,1,그레이 FREE ,19~28,0
215,https://www.musinsa.com/app/goods/2100524,HALF ZIP-UP SWEATSHIRT WHITE MELANGE,4.7,4700,22133,62000,1,164,58,2,화이트멜란지 FREE ,19~28,1
216,https://www.musinsa.com/app/goods/2054385,빈티지 반 집업_네이비,4.8,400,14653,72000,0,178,60,1,FREE ,19~28,0
217,https://www.musinsa.com/app/goods/2054385,빈티지 반 집업_네이비,4.8,400,14653,72000,0,175,62,0,FREE ,19~28,0
218,https://www.musinsa.com/app/goods/2560852,[SET] 아치로고 카라 맨투맨 셋업_블랙,4.8,800개 이상,2052,104000,1,162,50,1,M ,19~28,0
219,https://www.musinsa.com/app/goods/1560932,빈티지 반 집업_그레이,4.8,3900,26071,72000,1,168,55,1,그레이 FREE ,19~28,0
220,https://www.musinsa.com/app/goods/2100524,HALF ZIP-UP SWEATSHIRT WHITE MELANGE,4.7,4700,22133,62000,1,163,55,0,화이트멜란지 FREE ,19~28,1
221,https://www.musinsa.com/app/goods/2746138,Half-zipup Sweatshirt (3colors),,,3,69000,,,,,,,
222,https://www.musinsa.com/app/goods/2712939,[US] Reverse Weave® 1/4 ZIP 기모 풀오버 (BLACK) CKTS2F308BK,4.8,50개 이상,456,129000,0,174,65,0,00L ,19~28,0
223,https://www.musinsa.com/app/goods/535475,로고 아노락 풀오버 하프집업 블랙,4.8,1100,6977,65000,0,167,65,0,M ,19~28,0
224,https://www.musinsa.com/app/goods/535475,로고 아노락 풀오버 하프집업 블랙,4.8,1100,6977,65000,0,169,66,1,L ,19~28,0
225,https://www.musinsa.com/app/goods/535475,로고 아노락 풀오버 하프집업 블랙,4.8,1100,6977,65000,0,177,85,0,XL ,19~28,0
226,https://www.musinsa.com/app/goods/2054385,빈티지 반 집업_네이비,4.8,400,14653,72000,0,184,88,0,FREE ,19~28,0
227,https://www.musinsa.com/app/goods/2712939,[US] Reverse Weave® 1/4 ZIP 기모 풀오버 (BLACK) CKTS2F308BK,4.8,50개 이상,456,129000,0,180,82,0,0XL ,19~28,0
228,https://www.musinsa.com/app/goods/2054385,빈티지 반 집업_네이비,4.8,400,14653,72000,0,185,82,0,FREE ,19~28,0
229,https://www.musinsa.com/app/goods/2054385,빈티지 반 집업_네이비,4.8,400,14653,72000,0,175,78,0,FREE ,19~28,0
230,https://www.musinsa.com/app/goods/2736203,[POP] 여성 하프집업 테리 맨투맨,,,107,98000,,,,,,,
231,https://www.musinsa.com/app/goods/2100524,HALF ZIP-UP SWEATSHIRT WHITE MELANGE,4.7,4700,22133,62000,1,158,60,0,화이트멜란지 FREE ,19~28,1
232,https://www.musinsa.com/app/goods/2710444,스포티 오버핏 아노락 네이비,5.0,200개 이상,1680,55800,0,182,80,1,L ,19~28,1
233,https://www.musinsa.com/app/goods/2560852,[SET] 아치로고 카라 맨투맨 셋업_블랙,4.8,800개 이상,2052,104000,0,163,49,0,M ,19~28,0
234,https://www.musinsa.com/app/goods/2100524,HALF ZIP-UP SWEATSHIRT WHITE MELANGE,4.7,4700,22133,62000,1,164,53,0,화이트멜란지 FREE ,19~28,1
235,https://www.musinsa.com/app/goods/2740647,ANNAPURNA PONCHO TOP NAVY,,,0,159000,,,,,,,
236,https://www.musinsa.com/app/goods/2749423,로럴 오버핏 기모 반집업 메란지,,,5,55900,,,,,,,
237,https://www.musinsa.com/app/goods/535475,로고 아노락 풀오버 하프집업 블랙,4.8,1100,6977,65000,0,178,84,0,XL ,19~28,0
238,https://www.musinsa.com/app/goods/2704435,타이다이 하프 집업 스웻 셔츠_오렌지(EN2CFMM450A),,,1,99000,,,,,,,
239,https://www.musinsa.com/app/goods/2054385,빈티지 반 집업_네이비,4.8,400,14653,72000,0,166,50,1,FREE ,19~28,0
240,https://www.musinsa.com/app/goods/2560852,[SET] 아치로고 카라 맨투맨 셋업_블랙,4.8,800개 이상,2052,104000,0,170,75,0,L ,19~28,0
241,https://www.musinsa.com/app/goods/2054385,빈티지 반 집업_네이비,4.8,400,14653,72000,0,174,67,1,FREE ,19~28,0
242,https://www.musinsa.com/app/goods/1560932,빈티지 반 집업_그레이,4.8,3900,26071,72000,1,165,54,1,그레이 L ,19~28,0
243,https://www.musinsa.com/app/goods/2100524,HALF ZIP-UP SWEATSHIRT WHITE MELANGE,4.7,4700,22133,62000,1,153,41,0,화이트멜란지 FREE ,19~28,1
244,https://www.musinsa.com/app/goods/2100524,HALF ZIP-UP SWEATSHIRT WHITE MELANGE,4.7,4700,22133,62000,1,160,40,0,화이트멜란지 FREE ,19~28,1
245,https://www.musinsa.com/app/goods/2739606,HALF ZIP UP SWEATSHIRT OATMEAL,,,69,62000,,,,,,,
246,https://www.musinsa.com/app/goods/2708730,스왈로우 하프 집업 스웨트셔츠 (그레이),,,17,76000,,,,,,,
247,https://www.musinsa.com/app/goods/2054385,빈티지 반 집업_네이비,4.8,400,14653,72000,0,174,70,1,FREE ,19~28,0
248,https://www.musinsa.com/app/goods/535475,로고 아노락 풀오버 하프집업 블랙,4.8,1100,6977,65000,1,166,53,0,M ,19~28,0
249,https://www.musinsa.com/app/goods/2054385,빈티지 반 집업_네이비,4.8,400,14653,72000,0,173,66,1,FREE ,19~28,0
250,https://www.musinsa.com/app/goods/1560932,빈티지 반 집업_그레이,4.8,3900,26071,72000,1,165,56,1,그레이 FREE ,19~28,0
251,https://www.musinsa.com/app/goods/1560932,빈티지 반 집업_그레이,4.8,3900,26071,72000,0,180,74,0,그레이 FREE ,19~28,0
252,https://www.musinsa.com/app/goods/2054385,빈티지 반 집업_네이비,4.8,400,14653,72000,0,178,70,0,FREE ,19~28,0
253,https://www.musinsa.com/app/goods/2100524,HALF ZIP-UP SWEATSHIRT WHITE MELANGE,4.7,4700,22133,62000,1,164,56,0,화이트멜란지 FREE ,19~28,1
254,https://www.musinsa.com/app/goods/2100524,HALF ZIP-UP SWEATSHIRT WHITE MELANGE,4.7,4700,22133,62000,1,167,58,0,화이트멜란지 FREE ,19~28,1
255,https://www.musinsa.com/app/goods/2100524,HALF ZIP-UP SWEATSHIRT WHITE MELANGE,4.7,4700,22133,62000,1,159,53,0,화이트멜란지 FREE ,19~28,1
256,https://www.musinsa.com/app/goods/535475,로고 아노락 풀오버 하프집업 블랙,4.8,1100,6977,65000,0,181,75,0,XL ,19~28,0
257,https://www.musinsa.com/app/goods/535475,로고 아노락 풀오버 하프집업 블랙,4.8,1100,6977,65000,0,181,82,0,XL ,19~28,0
258,https://www.musinsa.com/app/goods/2560852,[SET] 아치로고 카라 맨투맨 셋업_블랙,4.8,800개 이상,2052,104000,1,158,60,0,M ,19~28,0
259,https://www.musinsa.com/app/goods/2100524,HALF ZIP-UP SWEATSHIRT WHITE MELANGE,4.7,4700,22133,62000,1,160,55,0,화이트멜란지 FREE ,19~28,1
260,https://www.musinsa.com/app/goods/2560852,[SET] 아치로고 카라 맨투맨 셋업_블랙,4.8,800개 이상,2052,104000,0,171,55,0,M ,19~28,0
261,https://www.musinsa.com/app/goods/1560932,빈티지 반 집업_그레이,4.8,3900,26071,72000,0,174,69,0,그레이 FREE ,19~28,0
262,https://www.musinsa.com/app/goods/2100524,HALF ZIP-UP SWEATSHIRT WHITE MELANGE,4.7,4700,22133,62000,1,163,51,0,화이트멜란지 FREE ,19~28,1
263,https://www.musinsa.com/app/goods/1560932,빈티지 반 집업_그레이,4.8,3900,26071,72000,0,175,58,1,그레이 FREE ,19~28,0
264,https://www.musinsa.com/app/goods/2560852,[SET] 아치로고 카라 맨투맨 셋업_블랙,4.8,800개 이상,2052,104000,0,168,58,0,M ,19~28,0
265,https://www.musinsa.com/app/goods/2100524,HALF ZIP-UP SWEATSHIRT WHITE MELANGE,4.7,4700,22133,62000,1,165,45,0,화이트멜란지 FREE ,19~28,1
266,https://www.musinsa.com/app/goods/2739725,COLLAR SWEAT ZIP UP ECRU STRIPE,,,188,77000,,,,,,,
267,https://www.musinsa.com/app/goods/2054385,빈티지 반 집업_네이비,4.8,400,14653,72000,0,170,54,0,FREE ,19~28,0
268,https://www.musinsa.com/app/goods/1560932,빈티지 반 집업_그레이,4.8,3900,26071,72000,0,177,67,0,그레이 FREE ,19~28,0
269,https://www.musinsa.com/app/goods/1560932,빈티지 반 집업_그레이,4.8,3900,26071,72000,0,173,59,0,그레이 FREE ,19~28,0
270,https://www.musinsa.com/app/goods/2731312,엔젤 와펜 하프집업 오트밀,5.0,,112,79000,,,,,,,
271,https://www.musinsa.com/app/goods/2054385,빈티지 반 집업_네이비,4.8,400,14653,72000,0,177,66,0,FREE ,19~28,0
272,https://www.musinsa.com/app/goods/2560852,[SET] 아치로고 카라 맨투맨 셋업_블랙,4.8,800개 이상,2052,104000,0,175,70,0,XL ,19~28,0
273,https://www.musinsa.com/app/goods/2054385,빈티지 반 집업_네이비,4.8,400,14653,72000,0,166,55,1,FREE ,19~28,0
274,https://www.musinsa.com/app/goods/2100524,HALF ZIP-UP SWEATSHIRT WHITE MELANGE,4.7,4700,22133,62000,1,166,56,0,화이트멜란지 FREE ,19~28,1
275,https://www.musinsa.com/app/goods/2054385,빈티지 반 집업_네이비,4.8,400,14653,72000,0,165,62,1,FREE ,19~28,0
276,https://www.musinsa.com/app/goods/1560932,빈티지 반 집업_그레이,4.8,3900,26071,72000,0,178,77,0,그레이 FREE ,19~28,0
277,https://www.musinsa.com/app/goods/2740649,ANNAPURNA PONCHO TOP HEADER GREY,,,2,159000,,,,,,,
278,https://www.musinsa.com/app/goods/2100524,HALF ZIP-UP SWEATSHIRT WHITE MELANGE,4.7,4700,22133,62000,1,166,52,0,화이트멜란지 FREE ,19~28,1
279,https://www.musinsa.com/app/goods/2100524,HALF ZIP-UP SWEATSHIRT WHITE MELANGE,4.7,4700,22133,62000,1,162,52,0,화이트멜란지 FREE ,19~28,1
280,https://www.musinsa.com/app/goods/535475,로고 아노락 풀오버 하프집업 블랙,4.8,1100,6977,65000,0,173,74,0,XL ,19~28,0
281,https://www.musinsa.com/app/goods/1560932,빈티지 반 집업_그레이,4.8,3900,26071,72000,0,174,70,0,그레이 FREE ,19~28,0
282,https://www.musinsa.com/app/goods/2100524,HALF ZIP-UP SWEATSHIRT WHITE MELANGE,4.7,4700,22133,62000,1,170,63,0,화이트멜란지 FREE ,19~28,1
283,https://www.musinsa.com/app/goods/1560932,빈티지 반 집업_그레이,4.8,3900,26071,72000,1,159,50,0,그레이 M ,19~28,0
284,https://www.musinsa.com/app/goods/2738343,버튼다운 헨리넥 셔츠 크림,,,4,148000,,,,,,,
285,https://www.musinsa.com/app/goods/2560852,[SET] 아치로고 카라 맨투맨 셋업_블랙,4.8,800개 이상,2052,104000,1,163,59,0,M ,19~28,0
286,https://www.musinsa.com/app/goods/2100524,HALF ZIP-UP SWEATSHIRT WHITE MELANGE,4.7,4700,22133,62000,1,158,48,0,화이트멜란지 FREE ,19~28,1
287,https://www.musinsa.com/app/goods/2100524,HALF ZIP-UP SWEATSHIRT WHITE MELANGE,4.7,4700,22133,62000,1,161,51,0,화이트멜란지 FREE ,19~28,1
288,https://www.musinsa.com/app/goods/535475,로고 아노락 풀오버 하프집업 블랙,4.8,1100,6977,65000,0,175,78,0,XL ,19~28,0
289,https://www.musinsa.com/app/goods/2560852,[SET] 아치로고 카라 맨투맨 셋업_블랙,4.8,800개 이상,2052,104000,0,168,80,0,XL ,19~28,0
290,https://www.musinsa.com/app/goods/2731313,엔젤 와펜 하프집업 베이지,5.0,,32,79000,,,,,,,
291,https://www.musinsa.com/app/goods/535475,로고 아노락 풀오버 하프집업 블랙,4.8,1100,6977,65000,0,166,66,0,M ,19~28,0
292,https://www.musinsa.com/app/goods/535475,로고 아노락 풀오버 하프집업 블랙,4.8,1100,6977,65000,0,170,65,2,M ,19~28,0
293,https://www.musinsa.com/app/goods/535475,로고 아노락 풀오버 하프집업 블랙,4.8,1100,6977,65000,0,170,70,0,L ,19~28,0
294,https://www.musinsa.com/app/goods/2100524,HALF ZIP-UP SWEATSHIRT WHITE MELANGE,4.7,4700,22133,62000,1,160,50,0,화이트멜란지 FREE ,19~28,1
295,https://www.musinsa.com/app/goods/1560932,빈티지 반 집업_그레이,4.8,3900,26071,72000,1,163,52,0,그레이 M ,19~28,0
296,https://www.musinsa.com/app/goods/2100524,HALF ZIP-UP SWEATSHIRT WHITE MELANGE,4.7,4700,22133,62000,1,168,54,2,화이트멜란지 FREE ,19~28,1
297,https://www.musinsa.com/app/goods/535475,로고 아노락 풀오버 하프집업 블랙,4.8,1100,6977,65000,0,176,55,0,L ,19~28,0
298,https://www.musinsa.com/app/goods/1560932,빈티지 반 집업_그레이,4.8,3900,26071,72000,0,171,60,0,그레이 FREE ,19~28,0
299,https://www.musinsa.com/app/goods/2712939,[US] Reverse Weave® 1/4 ZIP 기모 풀오버 (BLACK) CKTS2F308BK,4.8,50개 이상,456,129000,0,176,72,0,00L ,19~28,0
300,https://www.musinsa.com/app/goods/2757337,Waffle Polo Navy,,,112,99000,,,,,,,
301,https://www.musinsa.com/app/goods/535475,로고 아노락 풀오버 하프집업 블랙,4.8,1100,6977,65000,0,174,68,0,L ,19~28,0
302,https://www.musinsa.com/app/goods/2710444,스포티 오버핏 아노락 네이비,5.0,200개 이상,1680,55800,1,166,56,1,M ,19~28,1
303,https://www.musinsa.com/app/goods/1560932,빈티지 반 집업_그레이,4.8,3900,26071,72000,0,170,63,0,그레이 FREE ,19~28,0
304,https://www.musinsa.com/app/goods/2054385,빈티지 반 집업_네이비,4.8,400,14653,72000,0,182,95,0,FREE ,19~28,0
305,https://www.musinsa.com/app/goods/2054385,빈티지 반 집업_네이비,4.8,400,14653,72000,0,175,70,0,FREE ,19~28,0
306,https://www.musinsa.com/app/goods/2705717,선샤인 트랙 반집업 맨투맨 YELLOW,,,13,169000,,,,,,,
307,https://www.musinsa.com/app/goods/2100524,HALF ZIP-UP SWEATSHIRT WHITE MELANGE,4.7,4700,22133,62000,1,163,56,0,화이트멜란지 FREE ,19~28,1
308,https://www.musinsa.com/app/goods/2100524,HALF ZIP-UP SWEATSHIRT WHITE MELANGE,4.7,4700,22133,62000,1,161,48,0,화이트멜란지 FREE ,19~28,1
309,https://www.musinsa.com/app/goods/2100524,HALF ZIP-UP SWEATSHIRT WHITE MELANGE,4.7,4700,22133,62000,1,161,46,0,화이트멜란지 FREE ,19~28,1
310,https://www.musinsa.com/app/goods/2054385,빈티지 반 집업_네이비,4.8,400,14653,72000,0,173,70,0,FREE ,19~28,0
311,https://www.musinsa.com/app/goods/1560932,빈티지 반 집업_그레이,4.8,3900,26071,72000,1,168,57,1,그레이 FREE ,19~28,0
312,https://www.musinsa.com/app/goods/2560852,[SET] 아치로고 카라 맨투맨 셋업_블랙,4.8,800개 이상,2052,104000,1,160,56,0,M ,19~28,0
313,https://www.musinsa.com/app/goods/1560932,빈티지 반 집업_그레이,4.8,3900,26071,72000,0,172,60,1,그레이 FREE ,19~28,0
314,https://www.musinsa.com/app/goods/2750692,[EXCLUSIVE] 시그니처 넥 집업 (T32C7TTO33TMT4PJ4),,,6,178000,,,,,,,
315,https://www.musinsa.com/app/goods/535475,로고 아노락 풀오버 하프집업 블랙,4.8,1100,6977,65000,0,186,82,0,XL ,19~28,0
316,https://www.musinsa.com/app/goods/2100524,HALF ZIP-UP SWEATSHIRT WHITE MELANGE,4.7,4700,22133,62000,1,160,57,0,화이트멜란지 FREE ,19~28,1
317,https://www.musinsa.com/app/goods/535475,로고 아노락 풀오버 하프집업 블랙,4.8,1100,6977,65000,0,176,86,0,XL ,19~28,0
318,https://www.musinsa.com/app/goods/2752319,테니스 하프 집업 카라 맨투맨 MZT706 [NAVY],,,6,75800,,,,,,,
319,https://www.musinsa.com/app/goods/2100524,HALF ZIP-UP SWEATSHIRT WHITE MELANGE,4.7,4700,22133,62000,1,160,44,2,화이트멜란지 FREE ,19~28,1
320,https://www.musinsa.com/app/goods/1560932,빈티지 반 집업_그레이,4.8,3900,26071,72000,0,178,63,0,그레이 FREE ,19~28,0
321,https://www.musinsa.com/app/goods/2054385,빈티지 반 집업_네이비,4.8,400,14653,72000,0,174,85,0,FREE ,19~28,0
322,https://www.musinsa.com/app/goods/2749504,1989 하프집업(인디핑크),,,5,72000,,,,,,,
323,https://www.musinsa.com/app/goods/535475,로고 아노락 풀오버 하프집업 블랙,4.8,1100,6977,65000,0,170,91,0,XL ,19~28,0
324,https://www.musinsa.com/app/goods/2560852,[SET] 아치로고 카라 맨투맨 셋업_블랙,4.8,800개 이상,2052,104000,0,165,45,0,M ,19~28,0
325,https://www.musinsa.com/app/goods/2560852,[SET] 아치로고 카라 맨투맨 셋업_블랙,4.8,800개 이상,2052,104000,1,160,45,0,M ,19~28,0
326,https://www.musinsa.com/app/goods/2761995,Easy Half Zip-up Sweat Shirts (Black),,,0,94000,,,,,,,
327,https://www.musinsa.com/app/goods/2749056,ACR 롱 반집업 크롭 스웨트 셔츠 그레이,,,33,52000,,,,,,,
328,https://www.musinsa.com/app/goods/2748470,마일 하프넥 맨투맨 블랙 BJMT4510,4.8,,65,35900,,,,,,,
329,https://www.musinsa.com/app/goods/2100524,HALF ZIP-UP SWEATSHIRT WHITE MELANGE,4.7,4700,22133,62000,1,158,50,0,화이트멜란지 FREE ,19~28,1
330,https://www.musinsa.com/app/goods/2754884,[패키지 세트] Bay tree 오버핏 아노락 트레이닝 셋업 (오트밀),,,7,71000,,,,,,,
331,https://www.musinsa.com/app/goods/2738340,버튼다운 헨리넥 셔츠 차콜,,,2,148000,,,,,,,
332,https://www.musinsa.com/app/goods/2054385,빈티지 반 집업_네이비,4.8,400,14653,72000,0,176,82,0,FREE ,19~28,0
333,https://www.musinsa.com/app/goods/2054385,빈티지 반 집업_네이비,4.8,400,14653,72000,0,172,72,0,FREE ,19~28,0
334,https://www.musinsa.com/app/goods/2054385,빈티지 반 집업_네이비,4.8,400,14653,72000,1,154,48,1,FREE ,19~28,0
335,https://www.musinsa.com/app/goods/2054385,빈티지 반 집업_네이비,4.8,400,14653,72000,0,174,68,1,FREE ,19~28,0
336,https://www.musinsa.com/app/goods/1560932,빈티지 반 집업_그레이,4.8,3900,26071,72000,0,174,66,0,그레이 FREE ,19~28,0
337,https://www.musinsa.com/app/goods/2054385,빈티지 반 집업_네이비,4.8,400,14653,72000,0,174,76,0,FREE ,19~28,0
338,https://www.musinsa.com/app/goods/2560852,[SET] 아치로고 카라 맨투맨 셋업_블랙,4.8,800개 이상,2052,104000,1,168,63,0,XL ,19~28,0
339,https://www.musinsa.com/app/goods/2739392,타미 로고 모크넥 스웨트셔츠 (T12C7TPO170MT3YBI),,,7,169000,,,,,,,
340,https://www.musinsa.com/app/goods/2054385,빈티지 반 집업_네이비,4.8,400,14653,72000,0,180,75,0,FREE ,19~28,0
341,https://www.musinsa.com/app/goods/535475,로고 아노락 풀오버 하프집업 블랙,4.8,1100,6977,65000,0,170,59,0,M ,19~28,0
342,https://www.musinsa.com/app/goods/2054385,빈티지 반 집업_네이비,4.8,400,14653,72000,0,173,80,1,FREE ,19~28,0
343,https://www.musinsa.com/app/goods/2054385,빈티지 반 집업_네이비,4.8,400,14653,72000,0,176,68,1,FREE ,19~28,0
344,https://www.musinsa.com/app/goods/2100524,HALF ZIP-UP SWEATSHIRT WHITE MELANGE,4.7,4700,22133,62000,1,160,47,0,화이트멜란지 FREE ,19~28,1
345,https://www.musinsa.com/app/goods/2100524,HALF ZIP-UP SWEATSHIRT WHITE MELANGE,4.7,4700,22133,62000,1,161,49,0,화이트멜란지 FREE ,19~28,1
346,https://www.musinsa.com/app/goods/535475,로고 아노락 풀오버 하프집업 블랙,4.8,1100,6977,65000,0,180,98,0,XL ,19~28,0
347,https://www.musinsa.com/app/goods/2748222,1997 Loge zip-up mtm(그레이),,,41,79000,,,,,,,
348,https://www.musinsa.com/app/goods/535475,로고 아노락 풀오버 하프집업 블랙,4.8,1100,6977,65000,0,175,71,0,L ,19~28,0
349,https://www.musinsa.com/app/goods/535475,로고 아노락 풀오버 하프집업 블랙,4.8,1100,6977,65000,1,165,62,1,M ,19~28,0
350,https://www.musinsa.com/app/goods/1560932,빈티지 반 집업_그레이,4.8,3900,26071,72000,1,155,45,0,그레이 M ,19~28,0
351,https://www.musinsa.com/app/goods/535475,로고 아노락 풀오버 하프집업 블랙,4.8,1100,6977,65000,0,185,85,1,XL ,19~28,0
352,https://www.musinsa.com/app/goods/1560932,빈티지 반 집업_그레이,4.8,3900,26071,72000,0,173,65,1,그레이 FREE ,19~28,0
353,https://www.musinsa.com/app/goods/2100524,HALF ZIP-UP SWEATSHIRT WHITE MELANGE,4.7,4700,22133,62000,1,168,54,0,화이트멜란지 FREE ,19~28,1
354,https://www.musinsa.com/app/goods/535475,로고 아노락 풀오버 하프집업 블랙,4.8,1100,6977,65000,0,172,70,0,XL ,19~28,0
355,https://www.musinsa.com/app/goods/2100524,HALF ZIP-UP SWEATSHIRT WHITE MELANGE,4.7,4700,22133,62000,1,160,46,0,화이트멜란지 FREE ,19~28,1
356,https://www.musinsa.com/app/goods/2731311,엔젤 와펜 하프집업 그레이,5.0,50개 미000,182,79000,,,,,,19~28,1
357,https://www.musinsa.com/app/goods/2100524,HALF ZIP-UP SWEATSHIRT WHITE MELANGE,4.7,4700,22133,62000,1,162,46,0,화이트멜란지 FREE ,19~28,1
358,https://www.musinsa.com/app/goods/535475,로고 아노락 풀오버 하프집업 블랙,4.8,1100,6977,65000,0,170,70,0,L ,19~28,0
359,https://www.musinsa.com/app/goods/2757365,TSN Golf Pullover Black,,,118,119000,,,,,,,
360,https://www.musinsa.com/app/goods/2744293,아치 C 로고 카라 하프 집업 맨투맨 헤더 그레이,5.0,50개 미000,298,79000,0,171,70,0,L ,19~28,0
361,https://www.musinsa.com/app/goods/535475,로고 아노락 풀오버 하프집업 블랙,4.8,1100,6977,65000,0,165,58,0,M ,19~28,0
362,https://www.musinsa.com/app/goods/2752322,테니스 하프 집업 카라 맨투맨 MZT706 [ASHGRAY],,,9,75800,,,,,,,
363,https://www.musinsa.com/app/goods/2560852,[SET] 아치로고 카라 맨투맨 셋업_블랙,4.8,800개 이상,2052,104000,0,176,66,0,L ,19~28,0
364,https://www.musinsa.com/app/goods/1560932,빈티지 반 집업_그레이,4.8,3900,26071,72000,0,168,75,0,그레이 FREE ,19~28,0
365,https://www.musinsa.com/app/goods/2054385,빈티지 반 집업_네이비,4.8,400,14653,72000,1,160,64,1,L ,19~28,0
366,https://www.musinsa.com/app/goods/535475,로고 아노락 풀오버 하프집업 블랙,4.8,1100,6977,65000,0,181,76,0,XL ,19~28,0
367,https://www.musinsa.com/app/goods/2054385,빈티지 반 집업_네이비,4.8,400,14653,72000,0,180,96,0,FREE ,19~28,0
368,https://www.musinsa.com/app/goods/1560932,빈티지 반 집업_그레이,4.8,3900,26071,72000,0,170,68,0,그레이 FREE ,19~28,0
369,https://www.musinsa.com/app/goods/1560932,빈티지 반 집업_그레이,4.8,3900,26071,72000,0,179,79,0,그레이 FREE ,19~28,0
370,https://www.musinsa.com/app/goods/2100524,HALF ZIP-UP SWEATSHIRT WHITE MELANGE,4.7,4700,22133,62000,1,160,50,0,화이트멜란지 FREE ,19~28,1
371,https://www.musinsa.com/app/goods/1560932,빈티지 반 집업_그레이,4.8,3900,26071,72000,1,163,56,1,그레이 FREE ,19~28,0
372,https://www.musinsa.com/app/goods/2100524,HALF ZIP-UP SWEATSHIRT WHITE MELANGE,4.7,4700,22133,62000,1,167,50,2,화이트멜란지 FREE ,19~28,1
373,https://www.musinsa.com/app/goods/535475,로고 아노락 풀오버 하프집업 블랙,4.8,1100,6977,65000,0,186,74,0,XL ,19~28,0
374,https://www.musinsa.com/app/goods/2100524,HALF ZIP-UP SWEATSHIRT WHITE MELANGE,4.7,4700,22133,62000,1,158,52,0,화이트멜란지 FREE ,19~28,1
375,https://www.musinsa.com/app/goods/2054385,빈티지 반 집업_네이비,4.8,400,14653,72000,0,172,67,0,FREE ,19~28,0
376,https://www.musinsa.com/app/goods/535475,로고 아노락 풀오버 하프집업 블랙,4.8,1100,6977,65000,0,178,90,0,XL ,19~28,0
377,https://www.musinsa.com/app/goods/1560932,빈티지 반 집업_그레이,4.8,3900,26071,72000,0,168,64,0,그레이 FREE ,19~28,0
378,https://www.musinsa.com/app/goods/2100524,HALF ZIP-UP SWEATSHIRT WHITE MELANGE,4.7,4700,22133,62000,1,157,46,0,화이트멜란지 FREE ,19~28,1
379,https://www.musinsa.com/app/goods/535475,로고 아노락 풀오버 하프집업 블랙,4.8,1100,6977,65000,0,183,100,0,XL ,19~28,0
380,https://www.musinsa.com/app/goods/2560852,[SET] 아치로고 카라 맨투맨 셋업_블랙,4.8,800개 이상,2052,104000,0,174,72,0,L ,19~28,0
381,https://www.musinsa.com/app/goods/1560932,빈티지 반 집업_그레이,4.8,3900,26071,72000,0,178,67,0,그레이 FREE ,19~28,0
382,https://www.musinsa.com/app/goods/2748466,마일 하프넥 맨투맨 그레이 BJMT4510,4.8,,73,35900,,,,,,,
383,https://www.musinsa.com/app/goods/2100524,HALF ZIP-UP SWEATSHIRT WHITE MELANGE,4.7,4700,22133,62000,1,163,50,0,화이트멜란지 FREE ,19~28,1
384,https://www.musinsa.com/app/goods/1560932,빈티지 반 집업_그레이,4.8,3900,26071,72000,0,165,60,0,그레이 FREE ,19~28,0
385,https://www.musinsa.com/app/goods/535475,로고 아노락 풀오버 하프집업 블랙,4.8,1100,6977,65000,0,175,69,0,L ,19~28,0
386,https://www.musinsa.com/app/goods/2748469,마일 하프넥 맨투맨 오트밀 BJMT4510,4.8,,30,35900,0,177,62,0,오트밀 L ,,
387,https://www.musinsa.com/app/goods/2100524,HALF ZIP-UP SWEATSHIRT WHITE MELANGE,4.7,4700,22133,62000,1,164,53,0,화이트멜란지 FREE ,19~28,1
388,https://www.musinsa.com/app/goods/2054385,빈티지 반 집업_네이비,4.8,400,14653,72000,0,175,73,0,FREE ,19~28,0
389,https://www.musinsa.com/app/goods/2054385,빈티지 반 집업_네이비,4.8,400,14653,72000,1,160,54,1,FREE ,19~28,0
390,https://www.musinsa.com/app/goods/2054385,빈티지 반 집업_네이비,4.8,400,14653,72000,0,173,69,0,FREE ,19~28,0
391,https://www.musinsa.com/app/goods/2054385,빈티지 반 집업_네이비,4.8,400,14653,72000,0,177,77,0,FREE ,19~28,0
392,https://www.musinsa.com/app/goods/2100524,HALF ZIP-UP SWEATSHIRT WHITE MELANGE,4.7,4700,22133,62000,1,163,56,0,화이트멜란지 FREE ,19~28,1
393,https://www.musinsa.com/app/goods/535475,로고 아노락 풀오버 하프집업 블랙,4.8,1100,6977,65000,0,173,60,0,L ,19~28,0
394,https://www.musinsa.com/app/goods/2746040,School Bear 남여공용 오버핏 아노락 티셔츠 ANO301 (네이비),,,6,44900,,,,,,,
395,https://www.musinsa.com/app/goods/2740645,ANNAPURNA PONCHO TOP MILK BEIGE,,,1,159000,,,,,,,
396,https://www.musinsa.com/app/goods/2724070,잼버리 칼라드 하프 집업 스웨트셔츠 헤더 그레이,,,70,59000,,,,,,,
397,https://www.musinsa.com/app/goods/2054385,빈티지 반 집업_네이비,4.8,400,14653,72000,0,170,60,0,FREE ,19~28,0
398,https://www.musinsa.com/app/goods/2054385,빈티지 반 집업_네이비,4.8,400,14653,72000,0,168,67,1,FREE ,19~28,0
399,https://www.musinsa.com/app/goods/2100524,HALF ZIP-UP SWEATSHIRT WHITE MELANGE,4.7,4700,22133,62000,1,172,52,0,화이트멜란지 FREE ,19~28,1
400,https://www.musinsa.com/app/goods/2660728,빈티지 반 집업_오트베이지,4.8,100개 이상,2931,72000,1,161,48,1,M ,24~33,1
401,https://www.musinsa.com/app/goods/2054385,빈티지 반 집업_네이비,4.8,400,14653,72000,0,172,76,0,FREE ,19~28,0
402,https://www.musinsa.com/app/goods/2560852,[SET] 아치로고 카라 맨투맨 셋업_블랙,4.8,800개 이상,2052,104000,0,177,75,0,M ,19~28,0
403,https://www.musinsa.com/app/goods/535475,로고 아노락 풀오버 하프집업 블랙,4.8,1100,6977,65000,0,174,70,0,M ,19~28,0
404,https://www.musinsa.com/app/goods/2100524,HALF ZIP-UP SWEATSHIRT WHITE MELANGE,4.7,4700,22133,62000,1,167,55,0,화이트멜란지 FREE ,19~28,1
405,https://www.musinsa.com/app/goods/2757366,TSN Golf Pullover Blue,,,95,119000,,,,,,,
406,https://www.musinsa.com/app/goods/2054385,빈티지 반 집업_네이비,4.8,400,14653,72000,0,170,84,0,FREE ,19~28,0
407,https://www.musinsa.com/app/goods/2100524,HALF ZIP-UP SWEATSHIRT WHITE MELANGE,4.7,4700,22133,62000,1,162,49,0,화이트멜란지 FREE ,19~28,1
408,https://www.musinsa.com/app/goods/535475,로고 아노락 풀오버 하프집업 블랙,4.8,1100,6977,65000,0,176,88,0,XL ,19~28,0
409,https://www.musinsa.com/app/goods/535475,로고 아노락 풀오버 하프집업 블랙,4.8,1100,6977,65000,0,172,72,0,L ,19~28,0
410,https://www.musinsa.com/app/goods/535475,로고 아노락 풀오버 하프집업 블랙,4.8,1100,6977,65000,0,168,66,0,L ,19~28,0
411,https://www.musinsa.com/app/goods/1560932,빈티지 반 집업_그레이,4.8,3900,26071,72000,0,175,76,0,그레이 FREE ,19~28,0
412,https://www.musinsa.com/app/goods/1560932,빈티지 반 집업_그레이,4.8,3900,26071,72000,0,183,74,0,그레이 FREE ,19~28,0
413,https://www.musinsa.com/app/goods/1560932,빈티지 반 집업_그레이,4.8,3900,26071,72000,0,179,74,0,그레이 FREE ,19~28,0
414,https://www.musinsa.com/app/goods/1560932,빈티지 반 집업_그레이,4.8,3900,26071,72000,0,175,65,1,그레이 FREE ,19~28,0
415,https://www.musinsa.com/app/goods/2100524,HALF ZIP-UP SWEATSHIRT WHITE MELANGE,4.7,4700,22133,62000,1,173,53,0,화이트멜란지 FREE ,19~28,1
416,https://www.musinsa.com/app/goods/2100524,HALF ZIP-UP SWEATSHIRT WHITE MELANGE,4.7,4700,22133,62000,1,162,57,0,화이트멜란지 FREE ,19~28,1
417,https://www.musinsa.com/app/goods/2718313,UNISEX LEATHER LOGO HALF ZIP-UP SWEATSHIRT FRENCH NAVY_UDTS2C107N3,4.8,50개 이상,279,89000,1,154,46,0,FRENCH NAVY 0XS ,24~33,1
418,https://www.musinsa.com/app/goods/2100524,HALF ZIP-UP SWEATSHIRT WHITE MELANGE,4.7,4700,22133,62000,1,167,52,0,화이트멜란지 FREE ,19~28,1
419,https://www.musinsa.com/app/goods/1560932,빈티지 반 집업_그레이,4.8,3900,26071,72000,0,173,56,0,그레이 FREE ,19~28,0
420,https://www.musinsa.com/app/goods/2100524,HALF ZIP-UP SWEATSHIRT WHITE MELANGE,4.7,4700,22133,62000,1,168,49,0,화이트멜란지 FREE ,19~28,1
421,https://www.musinsa.com/app/goods/1560932,빈티지 반 집업_그레이,4.8,3900,26071,72000,1,170,45,1,그레이 FREE ,19~28,0
422,https://www.musinsa.com/app/goods/535475,로고 아노락 풀오버 하프집업 블랙,4.8,1100,6977,65000,0,184,73,0,XL ,19~28,0
423,https://www.musinsa.com/app/goods/2100524,HALF ZIP-UP SWEATSHIRT WHITE MELANGE,4.7,4700,22133,62000,1,159,48,0,화이트멜란지 FREE ,19~28,1
424,https://www.musinsa.com/app/goods/1560932,빈티지 반 집업_그레이,4.8,3900,26071,72000,0,175,77,0,그레이 FREE ,19~28,0
425,https://www.musinsa.com/app/goods/2560852,[SET] 아치로고 카라 맨투맨 셋업_블랙,4.8,800개 이상,2052,104000,0,174,76,0,XL ,19~28,0
426,https://www.musinsa.com/app/goods/535475,로고 아노락 풀오버 하프집업 블랙,4.8,1100,6977,65000,0,176,70,0,L ,19~28,0
427,https://www.musinsa.com/app/goods/2100524,HALF ZIP-UP SWEATSHIRT WHITE MELANGE,4.7,4700,22133,62000,1,161,50,0,화이트멜란지 FREE ,19~28,1
428,https://www.musinsa.com/app/goods/2054385,빈티지 반 집업_네이비,4.8,400,14653,72000,1,160,60,1,FREE ,19~28,0
429,https://www.musinsa.com/app/goods/535475,로고 아노락 풀오버 하프집업 블랙,4.8,1100,6977,65000,0,180,95,0,XL ,19~28,0
430,https://www.musinsa.com/app/goods/1560932,빈티지 반 집업_그레이,4.8,3900,26071,72000,0,168,67,0,그레이 FREE ,19~28,0
431,https://www.musinsa.com/app/goods/535475,로고 아노락 풀오버 하프집업 블랙,4.8,1100,6977,65000,0,185,95,0,XL ,19~28,0
432,https://www.musinsa.com/app/goods/535475,로고 아노락 풀오버 하프집업 블랙,4.8,1100,6977,65000,0,173,71,1,M ,19~28,0
433,https://www.musinsa.com/app/goods/1560932,빈티지 반 집업_그레이,4.8,3900,26071,72000,1,167,44,1,그레이 M ,19~28,0
434,https://www.musinsa.com/app/goods/1560932,빈티지 반 집업_그레이,4.8,3900,26071,72000,0,175,80,1,그레이 FREE ,19~28,0
435,https://www.musinsa.com/app/goods/2748190,로고 네이비 반집업 맨투맨,,,55,79000,,,,,,,
436,https://www.musinsa.com/app/goods/2100524,HALF ZIP-UP SWEATSHIRT WHITE MELANGE,4.7,4700,22133,62000,1,170,60,0,화이트멜란지 FREE ,19~28,1
437,https://www.musinsa.com/app/goods/2100524,HALF ZIP-UP SWEATSHIRT WHITE MELANGE,4.7,4700,22133,62000,1,165,45,0,화이트멜란지 FREE ,19~28,1
438,https://www.musinsa.com/app/goods/1560932,빈티지 반 집업_그레이,4.8,3900,26071,72000,0,170,73,0,그레이 FREE ,19~28,0
439,https://www.musinsa.com/app/goods/2560852,[SET] 아치로고 카라 맨투맨 셋업_블랙,4.8,800개 이상,2052,104000,0,178,75,0,L ,19~28,0
440,https://www.musinsa.com/app/goods/2757367,TSN Golf Pullover Orange,,,92,119000,,,,,,,
441,https://www.musinsa.com/app/goods/2054385,빈티지 반 집업_네이비,4.8,400,14653,72000,1,158,55,1,FREE ,19~28,0
442,https://www.musinsa.com/app/goods/1560932,빈티지 반 집업_그레이,4.8,3900,26071,72000,0,181,78,0,그레이 FREE ,19~28,0
443,https://www.musinsa.com/app/goods/2749513,1989 하프집업(애쉬),,,11,72000,,,,,,,
444,https://www.musinsa.com/app/goods/2054385,빈티지 반 집업_네이비,4.8,400,14653,72000,1,162,72,0,FREE ,19~28,0
445,https://www.musinsa.com/app/goods/535475,로고 아노락 풀오버 하프집업 블랙,4.8,1100,6977,65000,0,181,75,0,XL ,19~28,0
446,https://www.musinsa.com/app/goods/535475,로고 아노락 풀오버 하프집업 블랙,4.8,1100,6977,65000,0,174,71,0,M ,19~28,0
447,https://www.musinsa.com/app/goods/2100524,HALF ZIP-UP SWEATSHIRT WHITE MELANGE,4.7,4700,22133,62000,1,153,48,0,화이트멜란지 FREE ,19~28,1
448,https://www.musinsa.com/app/goods/2560852,[SET] 아치로고 카라 맨투맨 셋업_블랙,4.8,800개 이상,2052,104000,0,180,65,0,L ,19~28,0
449,https://www.musinsa.com/app/goods/1560932,빈티지 반 집업_그레이,4.8,3900,26071,72000,0,170,61,0,그레이 FREE ,19~28,0
450,https://www.musinsa.com/app/goods/1560932,빈티지 반 집업_그레이,4.8,3900,26071,72000,0,170,75,0,그레이 FREE ,19~28,0
451,https://www.musinsa.com/app/goods/535475,로고 아노락 풀오버 하프집업 블랙,4.8,1100,6977,65000,0,170,55,0,M ,19~28,0
452,https://www.musinsa.com/app/goods/2750681,[EXCLUSIVE] 시그니처 넥 집업 (T32C7TTO33TMT4C87),,,3,178000,,,,,,,
453,https://www.musinsa.com/app/goods/2100524,HALF ZIP-UP SWEATSHIRT WHITE MELANGE,4.7,4700,22133,62000,1,153,45,0,화이트멜란지 FREE ,19~28,1
454,https://www.musinsa.com/app/goods/2100524,HALF ZIP-UP SWEATSHIRT WHITE MELANGE,4.7,4700,22133,62000,1,153,45,0,화이트멜란지 FREE ,19~28,1
455,https://www.musinsa.com/app/goods/2724068,잼버리 칼라드 하프 집업 스웨트셔츠 그레이,,,48,59000,,,,,,,
456,https://www.musinsa.com/app/goods/2748192,로고 그레이 반집업 맨투맨,,,42,79000,,,,,,,
457,https://www.musinsa.com/app/goods/2762006,Easy Half Zip-up Sweat Shirts (White Melange),,,1,94000,,,,,,,
458,https://www.musinsa.com/app/goods/2712939,[US] Reverse Weave® 1/4 ZIP 기모 풀오버 (BLACK) CKTS2F308BK,4.8,50개 이상,456,129000,0,169,62,0,00M ,19~28,0
459,https://www.musinsa.com/app/goods/1560932,빈티지 반 집업_그레이,4.8,3900,26071,72000,0,182,80,0,그레이 FREE ,19~28,0
460,https://www.musinsa.com/app/goods/2054385,빈티지 반 집업_네이비,4.8,400,14653,72000,0,167,60,0,FREE ,19~28,0
461,https://www.musinsa.com/app/goods/2100524,HALF ZIP-UP SWEATSHIRT WHITE MELANGE,4.7,4700,22133,62000,1,165,56,0,화이트멜란지 FREE ,19~28,1
462,https://www.musinsa.com/app/goods/2100524,HALF ZIP-UP SWEATSHIRT WHITE MELANGE,4.7,4700,22133,62000,1,160,49,0,화이트멜란지 FREE ,19~28,1
463,https://www.musinsa.com/app/goods/1560932,빈티지 반 집업_그레이,4.8,3900,26071,72000,0,178,78,0,그레이 FREE ,19~28,0
464,https://www.musinsa.com/app/goods/2660728,빈티지 반 집업_오트베이지,4.8,100개 이상,2931,72000,1,168,58,1,M ,24~33,1
465,https://www.musinsa.com/app/goods/2660728,빈티지 반 집업_오트베이지,4.8,100개 이상,2931,72000,1,170,53,0,M ,24~33,1
466,https://www.musinsa.com/app/goods/2752321,테니스 하프 집업 카라 맨투맨 MZT706 [BLACK],,,6,75800,,,,,,,
467,https://www.musinsa.com/app/goods/2054385,빈티지 반 집업_네이비,4.8,400,14653,72000,1,165,55,0,M ,19~28,0
468,https://www.musinsa.com/app/goods/2054385,빈티지 반 집업_네이비,4.8,400,14653,72000,0,179,62,0,FREE ,19~28,0
469,https://www.musinsa.com/app/goods/2100524,HALF ZIP-UP SWEATSHIRT WHITE MELANGE,4.7,4700,22133,62000,1,161,52,0,화이트멜란지 FREE ,19~28,1
470,https://www.musinsa.com/app/goods/535475,로고 아노락 풀오버 하프집업 블랙,4.8,1100,6977,65000,0,177,70,0,XL ,19~28,0
471,https://www.musinsa.com/app/goods/2560852,[SET] 아치로고 카라 맨투맨 셋업_블랙,4.8,800개 이상,2052,104000,0,180,78,0,XL ,19~28,0
472,https://www.musinsa.com/app/goods/2757339,Waffle Polo Pink,,,107,99000,,,,,,,
473,https://www.musinsa.com/app/goods/2100524,HALF ZIP-UP SWEATSHIRT WHITE MELANGE,4.7,4700,22133,62000,1,167,55,0,화이트멜란지 FREE ,19~28,1
474,https://www.musinsa.com/app/goods/2742268,High neck half zip up T-shirt_Navy,,,0,89000,,,,,,,
475,https://www.musinsa.com/app/goods/2736127,[POP] 여성 하프집업 후드 풀오버,5.0,,127,98000,1,165,50,0,DNV다크네이비 FF ,,
476,https://www.musinsa.com/app/goods/1560932,빈티지 반 집업_그레이,4.8,3900,26071,72000,0,173,63,0,그레이 FREE ,19~28,0
477,https://www.musinsa.com/app/goods/1560932,빈티지 반 집업_그레이,4.8,3900,26071,72000,0,167,63,1,그레이 FREE ,19~28,0
478,https://www.musinsa.com/app/goods/535475,로고 아노락 풀오버 하프집업 블랙,4.8,1100,6977,65000,1,176,56,0,M 기모 ,19~28,0
479,https://www.musinsa.com/app/goods/2560852,[SET] 아치로고 카라 맨투맨 셋업_블랙,4.8,800개 이상,2052,104000,0,172,63,0,L ,19~28,0
480,https://www.musinsa.com/app/goods/535475,로고 아노락 풀오버 하프집업 블랙,4.8,1100,6977,65000,0,183,74,0,XL ,19~28,0
481,https://www.musinsa.com/app/goods/2560852,[SET] 아치로고 카라 맨투맨 셋업_블랙,4.8,800개 이상,2052,104000,0,174,65,0,L ,19~28,0
482,https://www.musinsa.com/app/goods/2560852,[SET] 아치로고 카라 맨투맨 셋업_블랙,4.8,800개 이상,2052,104000,1,160,50,0,M ,19~28,0
483,https://www.musinsa.com/app/goods/2054385,빈티지 반 집업_네이비,4.8,400,14653,72000,0,167,62,1,FREE ,19~28,0
484,https://www.musinsa.com/app/goods/2724066,잼버리 칼라드 하프 집업 스웨트셔츠 네이비,,,51,59000,,,,,,,
485,https://www.musinsa.com/app/goods/2560852,[SET] 아치로고 카라 맨투맨 셋업_블랙,4.8,800개 이상,2052,104000,0,177,79,0,L ,19~28,0
486,https://www.musinsa.com/app/goods/2560852,[SET] 아치로고 카라 맨투맨 셋업_블랙,4.8,800개 이상,2052,104000,1,162,63,0,L ,19~28,0
487,https://www.musinsa.com/app/goods/535475,로고 아노락 풀오버 하프집업 블랙,4.8,1100,6977,65000,0,175,72,0,L ,19~28,0
488,https://www.musinsa.com/app/goods/1560932,빈티지 반 집업_그레이,4.8,3900,26071,72000,0,179,72,0,그레이 FREE ,19~28,0
489,https://www.musinsa.com/app/goods/2704438,타이다이 하프 집업 스웻 셔츠_블랙(EN2CFMM450A),,,6,99000,,,,,,,
490,https://www.musinsa.com/app/goods/535475,로고 아노락 풀오버 하프집업 블랙,4.8,1100,6977,65000,0,158,50,0,M ,19~28,0
491,https://www.musinsa.com/app/goods/1560932,빈티지 반 집업_그레이,4.8,3900,26071,72000,1,163,56,1,그레이 FREE ,19~28,0
492,https://www.musinsa.com/app/goods/535475,로고 아노락 풀오버 하프집업 블랙,4.8,1100,6977,65000,0,179,65,0,L ,19~28,0
493,https://www.musinsa.com/app/goods/1560932,빈티지 반 집업_그레이,4.8,3900,26071,72000,0,177,70,0,그레이 FREE ,19~28,0
494,https://www.musinsa.com/app/goods/2054385,빈티지 반 집업_네이비,4.8,400,14653,72000,0,181,61,1,L ,19~28,0
495,https://www.musinsa.com/app/goods/2708729,스왈로우 하프 집업 스웨트셔츠 (블랙),,,18,76000,,,,,,,
496,https://www.musinsa.com/app/goods/2749412,ACR 롱 반집업 크롭 스웨트 셔츠 블랙,,,35,52000,,,,,,,
497,https://www.musinsa.com/app/goods/2054385,빈티지 반 집업_네이비,4.8,400,14653,72000,0,178,67,1,FREE ,19~28,0
498,https://www.musinsa.com/app/goods/2560852,[SET] 아치로고 카라 맨투맨 셋업_블랙,4.8,800개 이상,2052,104000,1,168,63,0,L ,19~28,0
499,https://www.musinsa.com/app/goods/1560932,빈티지 반 집업_그레이,4.8,3900,26071,72000,1,167,65,1,그레이 FREE ,19~28,0
500,https://www.musinsa.com/app/goods/535475,로고 아노락 풀오버 하프집업 블랙,4.8,1100,6977,65000,0,186,68,0,L ,19~28,0
501,https://www.musinsa.com/app/goods/2757369,T-Logo Boucle Cardigan Light Green,,,92,124000,,,,,,,
502,https://www.musinsa.com/app/goods/535475,로고 아노락 풀오버 하프집업 블랙,4.8,1100,6977,65000,1,167,63,0,L ,19~28,0
503,https://www.musinsa.com/app/goods/2100524,HALF ZIP-UP SWEATSHIRT WHITE MELANGE,4.7,4700,22133,62000,1,160,42,0,화이트멜란지 FREE ,19~28,1
504,https://www.musinsa.com/app/goods/2560852,[SET] 아치로고 카라 맨투맨 셋업_블랙,4.8,800개 이상,2052,104000,0,176,81,0,XL ,19~28,0
505,https://www.musinsa.com/app/goods/1560932,빈티지 반 집업_그레이,4.8,3900,26071,72000,0,180,55,0,그레이 FREE ,19~28,0
506,https://www.musinsa.com/app/goods/535475,로고 아노락 풀오버 하프집업 블랙,4.8,1100,6977,65000,1,162,74,1,XL ,19~28,0
507,https://www.musinsa.com/app/goods/535475,로고 아노락 풀오버 하프집업 블랙,4.8,1100,6977,65000,0,179,70,0,L ,19~28,0
508,https://www.musinsa.com/app/goods/535475,로고 아노락 풀오버 하프집업 블랙,4.8,1100,6977,65000,0,175,73,0,L ,19~28,0
509,https://www.musinsa.com/app/goods/535475,로고 아노락 풀오버 하프집업 블랙,4.8,1100,6977,65000,1,160,49,0,M ,19~28,0
510,https://www.musinsa.com/app/goods/535475,로고 아노락 풀오버 하프집업 블랙,4.8,1100,6977,65000,0,180,76,0,XL ,19~28,0
511,https://www.musinsa.com/app/goods/535475,로고 아노락 풀오버 하프집업 블랙,4.8,1100,6977,65000,0,171,62,2,M ,19~28,0
512,https://www.musinsa.com/app/goods/2560852,[SET] 아치로고 카라 맨투맨 셋업_블랙,4.8,800개 이상,2052,104000,0,165,53,0,M ,19~28,0
513,https://www.musinsa.com/app/goods/2100524,HALF ZIP-UP SWEATSHIRT WHITE MELANGE,4.7,4700,22133,62000,1,154,55,0,화이트멜란지 FREE ,19~28,1
514,https://www.musinsa.com/app/goods/2100524,HALF ZIP-UP SWEATSHIRT WHITE MELANGE,4.7,4700,22133,62000,1,158,51,0,화이트멜란지 FREE ,19~28,1
515,https://www.musinsa.com/app/goods/2560852,[SET] 아치로고 카라 맨투맨 셋업_블랙,4.8,800개 이상,2052,104000,1,158,55,0,M ,19~28,0
516,https://www.musinsa.com/app/goods/1560932,빈티지 반 집업_그레이,4.8,3900,26071,72000,0,170,67,0,그레이 FREE ,19~28,0
517,https://www.musinsa.com/app/goods/2100524,HALF ZIP-UP SWEATSHIRT WHITE MELANGE,4.7,4700,22133,62000,1,160,53,0,화이트멜란지 FREE ,19~28,1
518,https://www.musinsa.com/app/goods/1560932,빈티지 반 집업_그레이,4.8,3900,26071,72000,1,166,50,1,그레이 M ,19~28,0
519,https://www.musinsa.com/app/goods/2736130,[POP] 여성 하프집업 후드 풀오버,5.0,50개 미000,421,98000,,,,,,19~28,1
520,https://www.musinsa.com/app/goods/1560932,빈티지 반 집업_그레이,4.8,3900,26071,72000,1,163,60,1,그레이 FREE ,19~28,0
521,https://www.musinsa.com/app/goods/2054385,빈티지 반 집업_네이비,4.8,400,14653,72000,1,174,65,0,FREE ,19~28,0
522,https://www.musinsa.com/app/goods/2560852,[SET] 아치로고 카라 맨투맨 셋업_블랙,4.8,800개 이상,2052,104000,1,160,68,0,L ,19~28,0
523,https://www.musinsa.com/app/goods/2100524,HALF ZIP-UP SWEATSHIRT WHITE MELANGE,4.7,4700,22133,62000,1,174,50,0,화이트멜란지 FREE ,19~28,1
524,https://www.musinsa.com/app/goods/2054385,빈티지 반 집업_네이비,4.8,400,14653,72000,1,156,41,0,FREE ,19~28,0
525,https://www.musinsa.com/app/goods/2100524,HALF ZIP-UP SWEATSHIRT WHITE MELANGE,4.7,4700,22133,62000,1,156,50,0,화이트멜란지 FREE ,19~28,1
526,https://www.musinsa.com/app/goods/2054385,빈티지 반 집업_네이비,4.8,400,14653,72000,0,173,63,0,FREE ,19~28,0
527,https://www.musinsa.com/app/goods/1560932,빈티지 반 집업_그레이,4.8,3900,26071,72000,0,175,76,0,그레이 FREE ,19~28,0
528,https://www.musinsa.com/app/goods/535475,로고 아노락 풀오버 하프집업 블랙,4.8,1100,6977,65000,1,164,48,0,L ,19~28,0
529,https://www.musinsa.com/app/goods/2560852,[SET] 아치로고 카라 맨투맨 셋업_블랙,4.8,800개 이상,2052,104000,0,170,57,0,L ,19~28,0
530,https://www.musinsa.com/app/goods/1560932,빈티지 반 집업_그레이,4.8,3900,26071,72000,1,163,63,0,그레이 FREE ,19~28,0
531,https://www.musinsa.com/app/goods/2560852,[SET] 아치로고 카라 맨투맨 셋업_블랙,4.8,800개 이상,2052,104000,0,176,64,0,L ,19~28,0
532,https://www.musinsa.com/app/goods/1560932,빈티지 반 집업_그레이,4.8,3900,26071,72000,0,178,80,0,그레이 FREE ,19~28,0
533,https://www.musinsa.com/app/goods/535475,로고 아노락 풀오버 하프집업 블랙,4.8,1100,6977,65000,1,159,59,1,M ,19~28,0
534,https://www.musinsa.com/app/goods/2748468,마일 하프넥 맨투맨 네이비 BJMT4510,4.8,,32,35900,,,,,,,
535,https://www.musinsa.com/app/goods/2560852,[SET] 아치로고 카라 맨투맨 셋업_블랙,4.8,800개 이상,2052,104000,1,158,40,1,M ,19~28,0
536,https://www.musinsa.com/app/goods/535475,로고 아노락 풀오버 하프집업 블랙,4.8,1100,6977,65000,0,170,68,0,L ,19~28,0
537,https://www.musinsa.com/app/goods/2560852,[SET] 아치로고 카라 맨투맨 셋업_블랙,4.8,800개 이상,2052,104000,0,185,70,0,XL ,19~28,0
538,https://www.musinsa.com/app/goods/2100524,HALF ZIP-UP SWEATSHIRT WHITE MELANGE,4.7,4700,22133,62000,1,162,52,0,화이트멜란지 FREE ,19~28,1
539,https://www.musinsa.com/app/goods/2054385,빈티지 반 집업_네이비,4.8,400,14653,72000,0,183,75,1,L ,19~28,0
540,https://www.musinsa.com/app/goods/2100524,HALF ZIP-UP SWEATSHIRT WHITE MELANGE,4.7,4700,22133,62000,1,158,47,0,화이트멜란지 FREE ,19~28,1
541,https://www.musinsa.com/app/goods/1560932,빈티지 반 집업_그레이,4.8,3900,26071,72000,0,168,64,0,그레이 FREE ,19~28,0
542,https://www.musinsa.com/app/goods/2712939,[US] Reverse Weave® 1/4 ZIP 기모 풀오버 (BLACK) CKTS2F308BK,4.8,50개 이상,456,129000,0,174,60,0,00M ,19~28,0
543,https://www.musinsa.com/app/goods/2054385,빈티지 반 집업_네이비,4.8,400,14653,72000,0,174,66,0,FREE ,19~28,0
544,https://www.musinsa.com/app/goods/2560852,[SET] 아치로고 카라 맨투맨 셋업_블랙,4.8,800개 이상,2052,104000,1,167,48,1,M ,19~28,0
545,https://www.musinsa.com/app/goods/2100524,HALF ZIP-UP SWEATSHIRT WHITE MELANGE,4.7,4700,22133,62000,1,160,50,0,화이트멜란지 FREE ,19~28,1
546,https://www.musinsa.com/app/goods/2738446,컬러배색 스웻 아노락 MELANGE WHITE,,,22,99000,,,,,,,
547,https://www.musinsa.com/app/goods/2739670,HALF ZIP UP SWEATSHIRT ECRU STRIPE,,,111,62000,,,,,,,
548,https://www.musinsa.com/app/goods/535475,로고 아노락 풀오버 하프집업 블랙,4.8,1100,6977,65000,0,162,63,0,M ,19~28,0
549,https://www.musinsa.com/app/goods/2660728,빈티지 반 집업_오트베이지,4.8,100개 이상,2931,72000,1,163,61,0,M ,24~33,1
550,https://www.musinsa.com/app/goods/2710444,스포티 오버핏 아노락 네이비,5.0,200개 이상,1680,55800,0,176,65,0,M ,19~28,1
551,https://www.musinsa.com/app/goods/2100524,HALF ZIP-UP SWEATSHIRT WHITE MELANGE,4.7,4700,22133,62000,1,163,52,0,화이트멜란지 FREE ,19~28,1
552,https://www.musinsa.com/app/goods/2054385,빈티지 반 집업_네이비,4.8,400,14653,72000,0,171,65,0,FREE ,19~28,0
553,https://www.musinsa.com/app/goods/1560932,빈티지 반 집업_그레이,4.8,3900,26071,72000,1,168,50,0,그레이 FREE ,19~28,0
554,https://www.musinsa.com/app/goods/2560852,[SET] 아치로고 카라 맨투맨 셋업_블랙,4.8,800개 이상,2052,104000,0,170,79,1,XL ,19~28,0
555,https://www.musinsa.com/app/goods/1560932,빈티지 반 집업_그레이,4.8,3900,26071,72000,0,186,90,0,그레이 FREE ,19~28,0
556,https://www.musinsa.com/app/goods/2100524,HALF ZIP-UP SWEATSHIRT WHITE MELANGE,4.7,4700,22133,62000,1,168,63,0,화이트멜란지 FREE ,19~28,1
557,https://www.musinsa.com/app/goods/535475,로고 아노락 풀오버 하프집업 블랙,4.8,1100,6977,65000,0,170,60,0,L ,19~28,0
558,https://www.musinsa.com/app/goods/1560932,빈티지 반 집업_그레이,4.8,3900,26071,72000,1,163,57,0,그레이 FREE ,19~28,0
559,https://www.musinsa.com/app/goods/535475,로고 아노락 풀오버 하프집업 블랙,4.8,1100,6977,65000,0,174,56,1,M ,19~28,0
560,https://www.musinsa.com/app/goods/1560932,빈티지 반 집업_그레이,4.8,3900,26071,72000,0,172,77,1,그레이 FREE ,19~28,0
561,https://www.musinsa.com/app/goods/2712939,[US] Reverse Weave® 1/4 ZIP 기모 풀오버 (BLACK) CKTS2F308BK,4.8,50개 이상,456,129000,0,177,68,0,00M ,19~28,0
562,https://www.musinsa.com/app/goods/535475,로고 아노락 풀오버 하프집업 블랙,4.8,1100,6977,65000,0,175,72,1,XL ,19~28,0
563,https://www.musinsa.com/app/goods/2560852,[SET] 아치로고 카라 맨투맨 셋업_블랙,4.8,800개 이상,2052,104000,0,173,65,0,M ,19~28,0
