web-scraper-order,web-scraper-start-url,link,link-href,product_name,customer_info,product_star,page2,page2-href,product_sales,product_like,product_price,page3,page3-href,page4,page4-href,page5,page5-href,product_popular,product_target
"1662122448-167210","https://www.musinsa.com/category/020007","","https://www.musinsa.com/app/goods/2740720","MONTE ROSA DRESS BEIGE","","null","","","","0","289,000원","","","","","","","","여"
"1662122304-167134","https://www.musinsa.com/category/020007","","https://www.musinsa.com/app/goods/1417729","우먼즈 크루 넥 티셔츠 드레스 [다크 네이비]","[회원추천] (여자 167cm/58kg) 기준

                                적당함 M Size 구매","4.8","","","200개 이상","468","18,900원","","","","","","","24~33세
,
여성
에게 인기 많은 상품","여"
"1662122272-167055","https://www.musinsa.com/category/020007","","https://www.musinsa.com/app/goods/2733076","[D-GIFT] 블랙 체크 시어서커(지지미) 스트랩 셔츠형원피스 DLDR2B591BK","","null","","","","2","425,000원","","","","","","","","여"
"1662122414-167198","https://www.musinsa.com/category/020007","","https://www.musinsa.com/app/goods/2731611","빅 트위치로고 루즈핏 후드 원피스 오트밀","","null","","","","27","79,000원","","","","","","","","여"
"1662122500-167298","https://www.musinsa.com/category/020007","","https://www.musinsa.com/app/goods/1417726","우먼즈 크루 넥 티셔츠 드레스 [블랙]","[회원추천] (여자 163cm/49kg) 기준

                                적당함 S Size 구매","4.8","","","1.3천 개 이상","3,803","18,900원","","","","","","","24~33세
,
여성
에게 인기 많은 상품","여"
"1662122304-167129","https://www.musinsa.com/category/020007","","https://www.musinsa.com/app/goods/1417729","우먼즈 크루 넥 티셔츠 드레스 [다크 네이비]","[회원추천] (여자 154cm/50kg) 기준

                                적당함 S Size 구매","4.8","","","200개 이상","468","18,900원","","","","","","","24~33세
,
여성
에게 인기 많은 상품","여"
"1662122500-167262","https://www.musinsa.com/category/020007","","https://www.musinsa.com/app/goods/1417726","우먼즈 크루 넥 티셔츠 드레스 [블랙]","[회원추천] (여자 158cm/55kg) 기준

                                적당함 M Size 구매","4.8","","","1.3천 개 이상","3,803","18,900원","","","","","","","24~33세
,
여성
에게 인기 많은 상품","여"
"1662122304-167131","https://www.musinsa.com/category/020007","","https://www.musinsa.com/app/goods/1417729","우먼즈 크루 넥 티셔츠 드레스 [다크 네이비]","[회원추천] (여자 165cm/52kg) 기준

                                적당함 M Size 구매","4.8","","","200개 이상","468","18,900원","","","","","","","24~33세
,
여성
에게 인기 많은 상품","여"
"1662122500-167250","https://www.musinsa.com/category/020007","","https://www.musinsa.com/app/goods/1417726","우먼즈 크루 넥 티셔츠 드레스 [블랙]","[회원추천] (여자 160cm/52kg) 기준

                                적당함 S Size 구매","4.8","","","1.3천 개 이상","3,803","18,900원","","","","","","","24~33세
,
여성
에게 인기 많은 상품","여"
"1662122304-167114","https://www.musinsa.com/category/020007","","https://www.musinsa.com/app/goods/1417729","우먼즈 크루 넥 티셔츠 드레스 [다크 네이비]","[회원추천] (여자 160cm/60kg) 기준

                                큼 L Size 구매","4.8","","","200개 이상","468","18,900원","","","","","","","24~33세
,
여성
에게 인기 많은 상품","여"
"1662122367-167181","https://www.musinsa.com/category/020007","","https://www.musinsa.com/app/goods/2717550","블랙 스웨터 패치 원피스 (112871CY15)","","null","","","","10","59,900원","","","","","","","","여"
"1662122500-167305","https://www.musinsa.com/category/020007","","https://www.musinsa.com/app/goods/1417726","우먼즈 크루 넥 티셔츠 드레스 [블랙]","[회원추천] (여자 153cm/45kg) 기준

                                적당함 XS Size 구매","4.8","","","1.3천 개 이상","3,803","18,900원","","","","","","","24~33세
,
여성
에게 인기 많은 상품","여"
"1662122346-167171","https://www.musinsa.com/category/020007","","https://www.musinsa.com/app/goods/2701621","퓨어 트위드 드레스_블랙","","null","","","","21","112,000원","","","","","","","","여"
"1662122500-167314","https://www.musinsa.com/category/020007","","https://www.musinsa.com/app/goods/1417726","우먼즈 크루 넥 티셔츠 드레스 [블랙]","[회원추천] (여자 163cm/55kg) 기준

                                적당함 M Size 구매","4.8","","","1.3천 개 이상","3,803","18,900원","","","","","","","24~33세
,
여성
에게 인기 많은 상품","여"
"1662122500-167237","https://www.musinsa.com/category/020007","","https://www.musinsa.com/app/goods/1417726","우먼즈 크루 넥 티셔츠 드레스 [블랙]","[회원추천] (여자 163cm/48kg) 기준

                                적당함 XS Size 구매","4.8","","","1.3천 개 이상","3,803","18,900원","","","","","","","24~33세
,
여성
에게 인기 많은 상품","여"
"1662122304-167135","https://www.musinsa.com/category/020007","","https://www.musinsa.com/app/goods/1417729","우먼즈 크루 넥 티셔츠 드레스 [다크 네이비]","[회원추천] (여자 157cm/54kg) 기준

                                적당함 L Size 구매","4.8","","","200개 이상","468","18,900원","","","","","","","24~33세
,
여성
에게 인기 많은 상품","여"
"1662122500-167323","https://www.musinsa.com/category/020007","","https://www.musinsa.com/app/goods/1417726","우먼즈 크루 넥 티셔츠 드레스 [블랙]","[회원추천] (여자 165cm/56kg) 기준

                                적당함 M Size 구매","4.8","","","1.3천 개 이상","3,803","18,900원","","","","","","","24~33세
,
여성
에게 인기 많은 상품","여"
"1662122500-167293","https://www.musinsa.com/category/020007","","https://www.musinsa.com/app/goods/1417726","우먼즈 크루 넥 티셔츠 드레스 [블랙]","[회원추천] (여자 168cm/60kg) 기준

                                적당함 M Size 구매","4.8","","","1.3천 개 이상","3,803","18,900원","","","","","","","24~33세
,
여성
에게 인기 많은 상품","여"
"1662122304-167070","https://www.musinsa.com/category/020007","","https://www.musinsa.com/app/goods/1417729","우먼즈 크루 넥 티셔츠 드레스 [다크 네이비]","[회원추천] (여자 173cm/57kg) 기준

                                적당함 S Size 구매","4.8","","","200개 이상","468","18,900원","","","","","","","24~33세
,
여성
에게 인기 많은 상품","여"
"1662122304-167128","https://www.musinsa.com/category/020007","","https://www.musinsa.com/app/goods/1417729","우먼즈 크루 넥 티셔츠 드레스 [다크 네이비]","[회원추천] (여자 167cm/56kg) 기준

                                적당함 L Size 구매","4.8","","","200개 이상","468","18,900원","","","","","","","24~33세
,
여성
에게 인기 많은 상품","여"
"1662122500-167257","https://www.musinsa.com/category/020007","","https://www.musinsa.com/app/goods/1417726","우먼즈 크루 넥 티셔츠 드레스 [블랙]","[회원추천] (여자 162cm/60kg) 기준

                                적당함 M Size 구매","4.8","","","1.3천 개 이상","3,803","18,900원","","","","","","","24~33세
,
여성
에게 인기 많은 상품","여"
"1662122500-167238","https://www.musinsa.com/category/020007","","https://www.musinsa.com/app/goods/1417726","우먼즈 크루 넥 티셔츠 드레스 [블랙]","[회원추천] (여자 167cm/55kg) 기준

                                적당함 M Size 구매","4.8","","","1.3천 개 이상","3,803","18,900원","","","","","","","24~33세
,
여성
에게 인기 많은 상품","여"
"1662122304-167121","https://www.musinsa.com/category/020007","","https://www.musinsa.com/app/goods/1417729","우먼즈 크루 넥 티셔츠 드레스 [다크 네이비]","[회원추천] (여자 169cm/60kg) 기준

                                적당함 M Size 구매","4.8","","","200개 이상","468","18,900원","","","","","","","24~33세
,
여성
에게 인기 많은 상품","여"
"1662122458-167214","https://www.musinsa.com/category/020007","","https://www.musinsa.com/app/goods/2742249","HEART ONEPIECE / BLACK","","null","","","","11","99,000원","","","","","","","","여"
"1662122304-167152","https://www.musinsa.com/category/020007","","https://www.musinsa.com/app/goods/1417729","우먼즈 크루 넥 티셔츠 드레스 [다크 네이비]","[회원추천] (여자 160cm/55kg) 기준

                                적당함 S Size 구매","4.8","","","200개 이상","468","18,900원","","","","","","","24~33세
,
여성
에게 인기 많은 상품","여"
"1662122500-167300","https://www.musinsa.com/category/020007","","https://www.musinsa.com/app/goods/1417726","우먼즈 크루 넥 티셔츠 드레스 [블랙]","[회원추천] (여자 175cm/55kg) 기준

                                적당함 M Size 구매","4.8","","","1.3천 개 이상","3,803","18,900원","","","","","","","24~33세
,
여성
에게 인기 많은 상품","여"
"1662122500-167267","https://www.musinsa.com/category/020007","","https://www.musinsa.com/app/goods/1417726","우먼즈 크루 넥 티셔츠 드레스 [블랙]","[회원추천] (여자 164cm/48kg) 기준

                                적당함 S Size 구매","4.8","","","1.3천 개 이상","3,803","18,900원","","","","","","","24~33세
,
여성
에게 인기 많은 상품","여"
"1662122304-167105","https://www.musinsa.com/category/020007","","https://www.musinsa.com/app/goods/1417729","우먼즈 크루 넥 티셔츠 드레스 [다크 네이비]","[회원추천] (여자 157cm/50kg) 기준

                                적당함 S Size 구매","4.8","","","200개 이상","468","18,900원","","","","","","","24~33세
,
여성
에게 인기 많은 상품","여"
"1662122372-167183","https://www.musinsa.com/category/020007","","https://www.musinsa.com/app/goods/2701625","퓨어 트위드 드레스_화이트","","null","","","","23","112,000원","","","","","","","","여"
"1662122304-167122","https://www.musinsa.com/category/020007","","https://www.musinsa.com/app/goods/1417729","우먼즈 크루 넥 티셔츠 드레스 [다크 네이비]","[회원추천] (남자 171cm/67kg) 기준

                                적당함 M Size 구매","4.8","","","200개 이상","468","18,900원","","","","","","","24~33세
,
여성
에게 인기 많은 상품","여"
"1662122338-167168","https://www.musinsa.com/category/020007","","https://www.musinsa.com/app/goods/2721622","Silhouetted Volume Dress_QWDAX22522PPX","","null","","","","6","219,000원","","","","","","","","여"
"1662122304-167133","https://www.musinsa.com/category/020007","","https://www.musinsa.com/app/goods/1417729","우먼즈 크루 넥 티셔츠 드레스 [다크 네이비]","[회원추천] (여자 160cm/43kg) 기준

                                적당함 M Size 구매","4.8","","","200개 이상","468","18,900원","","","","","","","24~33세
,
여성
에게 인기 많은 상품","여"
"1662122430-167204","https://www.musinsa.com/category/020007","","https://www.musinsa.com/app/goods/2712722","프레피 폴로 드레스 - 네이비 / IA8345","","null","","","","117","79,000원","","","","","","","","여"
"1662122304-167100","https://www.musinsa.com/category/020007","","https://www.musinsa.com/app/goods/1417729","우먼즈 크루 넥 티셔츠 드레스 [다크 네이비]","[회원추천] (여자 164cm/49kg) 기준

                                적당함 S Size 구매","4.8","","","200개 이상","468","18,900원","","","","","","","24~33세
,
여성
에게 인기 많은 상품","여"
"1662122500-167260","https://www.musinsa.com/category/020007","","https://www.musinsa.com/app/goods/1417726","우먼즈 크루 넥 티셔츠 드레스 [블랙]","[회원추천] (여자 152cm/52kg) 기준

                                큼 XS Size 구매","4.8","","","1.3천 개 이상","3,803","18,900원","","","","","","","24~33세
,
여성
에게 인기 많은 상품","여"
"1662122327-167164","https://www.musinsa.com/category/020007","","https://www.musinsa.com/app/goods/2743161","LONG SLEEVE LAYERED DRESS / BLACK","","null","","","","4","168,000원","","","","","","","","여"
"1662122468-167218","https://www.musinsa.com/category/020007","","https://www.musinsa.com/app/goods/2741723","A CORDUROY TIE RIBBON DRESS_BLACK","","null","","","","7","119,000원","","","","","","","","여"
"1662122500-167281","https://www.musinsa.com/category/020007","","https://www.musinsa.com/app/goods/1417726","우먼즈 크루 넥 티셔츠 드레스 [블랙]","[회원추천] (여자 162cm/50kg) 기준

                                적당함 M Size 구매","4.8","","","1.3천 개 이상","3,803","18,900원","","","","","","","24~33세
,
여성
에게 인기 많은 상품","여"
"1662122500-167327","https://www.musinsa.com/category/020007","","https://www.musinsa.com/app/goods/1417726","우먼즈 크루 넥 티셔츠 드레스 [블랙]","[회원추천] (여자 166cm/58kg) 기준

                                적당함 M Size 구매","4.8","","","1.3천 개 이상","3,803","18,900원","","","","","","","24~33세
,
여성
에게 인기 많은 상품","여"
"1662122500-167294","https://www.musinsa.com/category/020007","","https://www.musinsa.com/app/goods/1417726","우먼즈 크루 넥 티셔츠 드레스 [블랙]","[회원추천] (여자 172cm/63kg) 기준

                                큼 L Size 구매","4.8","","","1.3천 개 이상","3,803","18,900원","","","","","","","24~33세
,
여성
에게 인기 많은 상품","여"
"1662122304-167125","https://www.musinsa.com/category/020007","","https://www.musinsa.com/app/goods/1417729","우먼즈 크루 넥 티셔츠 드레스 [다크 네이비]","[회원추천] (여자 160cm/50kg) 기준

                                적당함 L Size 구매","4.8","","","200개 이상","468","18,900원","","","","","","","24~33세
,
여성
에게 인기 많은 상품","여"
"1662122304-167126","https://www.musinsa.com/category/020007","","https://www.musinsa.com/app/goods/1417729","우먼즈 크루 넥 티셔츠 드레스 [다크 네이비]","[회원추천] (여자 177cm/66kg) 기준

                                적당함 L Size 구매","4.8","","","200개 이상","468","18,900원","","","","","","","24~33세
,
여성
에게 인기 많은 상품","여"
"1662122500-167277","https://www.musinsa.com/category/020007","","https://www.musinsa.com/app/goods/1417726","우먼즈 크루 넥 티셔츠 드레스 [블랙]","[회원추천] (여자 168cm/58kg) 기준

                                적당함 M Size 구매","4.8","","","1.3천 개 이상","3,803","18,900원","","","","","","","24~33세
,
여성
에게 인기 많은 상품","여"
"1662122304-167132","https://www.musinsa.com/category/020007","","https://www.musinsa.com/app/goods/1417729","우먼즈 크루 넥 티셔츠 드레스 [다크 네이비]","[회원추천] (여자 160cm/49kg) 기준

                                적당함 S Size 구매","4.8","","","200개 이상","468","18,900원","","","","","","","24~33세
,
여성
에게 인기 많은 상품","여"
"1662122304-167139","https://www.musinsa.com/category/020007","","https://www.musinsa.com/app/goods/1417729","우먼즈 크루 넥 티셔츠 드레스 [다크 네이비]","[회원추천] (여자 165cm/56kg) 기준

                                적당함 M Size 구매","4.8","","","200개 이상","468","18,900원","","","","","","","24~33세
,
여성
에게 인기 많은 상품","여"
"1662122500-167259","https://www.musinsa.com/category/020007","","https://www.musinsa.com/app/goods/1417726","우먼즈 크루 넥 티셔츠 드레스 [블랙]","[회원추천] (여자 163cm/70kg) 기준

                                적당함 L Size 구매","4.8","","","1.3천 개 이상","3,803","18,900원","","","","","","","24~33세
,
여성
에게 인기 많은 상품","여"
"1662122500-167242","https://www.musinsa.com/category/020007","","https://www.musinsa.com/app/goods/1417726","우먼즈 크루 넥 티셔츠 드레스 [블랙]","[회원추천] (여자 158cm/40kg) 기준

                                적당함 XS Size 구매","4.8","","","1.3천 개 이상","3,803","18,900원","","","","","","","24~33세
,
여성
에게 인기 많은 상품","여"
"1662122304-167124","https://www.musinsa.com/category/020007","","https://www.musinsa.com/app/goods/1417729","우먼즈 크루 넥 티셔츠 드레스 [다크 네이비]","[회원추천] (여자 163cm/55kg) 기준

                                적당함 L Size 구매","4.8","","","200개 이상","468","18,900원","","","","","","","24~33세
,
여성
에게 인기 많은 상품","여"
"1662122304-167097","https://www.musinsa.com/category/020007","","https://www.musinsa.com/app/goods/1417729","우먼즈 크루 넥 티셔츠 드레스 [다크 네이비]","[회원추천] (여자 167cm/68kg) 기준

                                적당함 L Size 구매","4.8","","","200개 이상","468","18,900원","","","","","","","24~33세
,
여성
에게 인기 많은 상품","여"
"1662122274-167056","https://www.musinsa.com/category/020007","","https://www.musinsa.com/app/goods/2745861","[Womens] 타탄 패널 피케 드레스 (102) AFPF2234167-102","","null","","","","1","258,000원","","","","","","","","여"
"1662122329-167165","https://www.musinsa.com/category/020007","","https://www.musinsa.com/app/goods/2742196","TWO-WAY DRESS / BLACK","","null","","","","5","168,000원","","","","","","","","여"
"1662122500-167295","https://www.musinsa.com/category/020007","","https://www.musinsa.com/app/goods/1417726","우먼즈 크루 넥 티셔츠 드레스 [블랙]","[회원추천] (여자 172cm/63kg) 기준

                                큼 L Size 구매","4.8","","","1.3천 개 이상","3,803","18,900원","","","","","","","24~33세
,
여성
에게 인기 많은 상품","여"
"1662122304-167091","https://www.musinsa.com/category/020007","","https://www.musinsa.com/app/goods/1417729","우먼즈 크루 넥 티셔츠 드레스 [다크 네이비]","[회원추천] (여자 168cm/63kg) 기준

                                적당함 L Size 구매","4.8","","","200개 이상","468","18,900원","","","","","","","24~33세
,
여성
에게 인기 많은 상품","여"
"1662122261-167051","https://www.musinsa.com/category/020007","","https://www.musinsa.com/app/goods/2736015","무니지 드레스 (MUL) AYMF2231TAF-MUL","","null","","","","0","398,000원","","","","","","","","여"
"1662122304-167086","https://www.musinsa.com/category/020007","","https://www.musinsa.com/app/goods/1417729","우먼즈 크루 넥 티셔츠 드레스 [다크 네이비]","[회원추천] (여자 164cm/53kg) 기준

                                적당함 S Size 구매","4.8","","","200개 이상","468","18,900원","","","","","","","24~33세
,
여성
에게 인기 많은 상품","여"
"1662122500-167263","https://www.musinsa.com/category/020007","","https://www.musinsa.com/app/goods/1417726","우먼즈 크루 넥 티셔츠 드레스 [블랙]","[회원추천] (여자 158cm/40kg) 기준

                                적당함 XS Size 구매","4.8","","","1.3천 개 이상","3,803","18,900원","","","","","","","24~33세
,
여성
에게 인기 많은 상품","여"
"1662122304-167110","https://www.musinsa.com/category/020007","","https://www.musinsa.com/app/goods/1417729","우먼즈 크루 넥 티셔츠 드레스 [다크 네이비]","[회원추천] (여자 160cm/60kg) 기준

                                작음 L Size 구매","4.8","","","200개 이상","468","18,900원","","","","","","","24~33세
,
여성
에게 인기 많은 상품","여"
"1662122500-167255","https://www.musinsa.com/category/020007","","https://www.musinsa.com/app/goods/1417726","우먼즈 크루 넥 티셔츠 드레스 [블랙]","[회원추천] (여자 155cm/55kg) 기준

                                적당함 S Size 구매","4.8","","","1.3천 개 이상","3,803","18,900원","","","","","","","24~33세
,
여성
에게 인기 많은 상품","여"
"1662122500-167317","https://www.musinsa.com/category/020007","","https://www.musinsa.com/app/goods/1417726","우먼즈 크루 넥 티셔츠 드레스 [블랙]","[회원추천] (여자 160cm/44kg) 기준

                                적당함 XS Size 구매","4.8","","","1.3천 개 이상","3,803","18,900원","","","","","","","24~33세
,
여성
에게 인기 많은 상품","여"
"1662122500-167273","https://www.musinsa.com/category/020007","","https://www.musinsa.com/app/goods/1417726","우먼즈 크루 넥 티셔츠 드레스 [블랙]","[회원추천] (여자 154cm/45kg) 기준

                                적당함 S Size 구매","4.8","","","1.3천 개 이상","3,803","18,900원","","","","","","","24~33세
,
여성
에게 인기 많은 상품","여"
"1662122304-167099","https://www.musinsa.com/category/020007","","https://www.musinsa.com/app/goods/1417729","우먼즈 크루 넥 티셔츠 드레스 [다크 네이비]","[회원추천] (여자 171cm/55kg) 기준

                                적당함 L Size 구매","4.8","","","200개 이상","468","18,900원","","","","","","","24~33세
,
여성
에게 인기 많은 상품","여"
"1662122403-167194","https://www.musinsa.com/category/020007","","https://www.musinsa.com/app/goods/2750852","Square Neck Tweed Dress","","null","","","","1","199,000원","","","","","","","","여"
"1662122282-167059","https://www.musinsa.com/category/020007","","https://www.musinsa.com/app/goods/2677643","샴브레이 시프트 드레스 - 블루","","null","","","","2","259,000원","","","","","","","","여"
"1662122304-167144","https://www.musinsa.com/category/020007","","https://www.musinsa.com/app/goods/1417729","우먼즈 크루 넥 티셔츠 드레스 [다크 네이비]","[회원추천] (여자 155cm/52kg) 기준

                                큼 M Size 구매","4.8","","","200개 이상","468","18,900원","","","","","","","24~33세
,
여성
에게 인기 많은 상품","여"
"1662122500-167311","https://www.musinsa.com/category/020007","","https://www.musinsa.com/app/goods/1417726","우먼즈 크루 넥 티셔츠 드레스 [블랙]","[회원추천] (여자 161cm/53kg) 기준

                                큼 XS Size 구매","4.8","","","1.3천 개 이상","3,803","18,900원","","","","","","","24~33세
,
여성
에게 인기 많은 상품","여"
"1662122304-167150","https://www.musinsa.com/category/020007","","https://www.musinsa.com/app/goods/1417729","우먼즈 크루 넥 티셔츠 드레스 [다크 네이비]","[회원추천] (여자 158cm/50kg) 기준

                                적당함 M Size 구매","4.8","","","200개 이상","468","18,900원","","","","","","","24~33세
,
여성
에게 인기 많은 상품","여"
"1662122470-167219","https://www.musinsa.com/category/020007","","https://www.musinsa.com/app/goods/2741747","A SQUARE NECK SHIRT DRESS_NAVY","","null","","","","4","159,000원","","","","","","","","여"
"1662122314-167159","https://www.musinsa.com/category/020007","","https://www.musinsa.com/app/goods/2677632","플로럴 크링클 조젯 드레스 - 블랙","","null","","","","1","339,000원","","","","","","","","여"
"1662122500-167248","https://www.musinsa.com/category/020007","","https://www.musinsa.com/app/goods/1417726","우먼즈 크루 넥 티셔츠 드레스 [블랙]","[회원추천] (여자 164cm/53kg) 기준

                                적당함 S Size 구매","4.8","","","1.3천 개 이상","3,803","18,900원","","","","","","","24~33세
,
여성
에게 인기 많은 상품","여"
"1662122335-167167","https://www.musinsa.com/category/020007","","https://www.musinsa.com/app/goods/2733084","[D-PLEASANT PLEATS] 베이지 스트랩 플리츠 민소매원피스 DLDR2BP93I2","","null","","","","0","295,000원","","","","","","","","여"
"1662122488-167226","https://www.musinsa.com/category/020007","","https://www.musinsa.com/app/goods/2748839","V-neck Shirring Midi Dress_Navy","","null","","","","4","142,000원","","","","","","","","여"
"1662122455-167213","https://www.musinsa.com/category/020007","","https://www.musinsa.com/app/goods/2741340","WED Pleats basic midi line dress","","null","","","","6","198,000원","","","","","","","","여"
"1662122297-167065","https://www.musinsa.com/category/020007","","https://www.musinsa.com/app/goods/2743931","블라다 메쉬 벨트 벨벳 드레스 atb760w(BLACK)","","null","","","","7","248,000원","","","","","","","","여"
"1662122500-167288","https://www.musinsa.com/category/020007","","https://www.musinsa.com/app/goods/1417726","우먼즈 크루 넥 티셔츠 드레스 [블랙]","[회원추천] (여자 169cm/67kg) 기준

                                적당함 L Size 구매","4.8","","","1.3천 개 이상","3,803","18,900원","","","","","","","24~33세
,
여성
에게 인기 많은 상품","여"
"1662122304-167136","https://www.musinsa.com/category/020007","","https://www.musinsa.com/app/goods/1417729","우먼즈 크루 넥 티셔츠 드레스 [다크 네이비]","[회원추천] (여자 162cm/54kg) 기준

                                적당함 M Size 구매","4.8","","","200개 이상","468","18,900원","","","","","","","24~33세
,
여성
에게 인기 많은 상품","여"
"1662122304-167154","https://www.musinsa.com/category/020007","","https://www.musinsa.com/app/goods/1417729","우먼즈 크루 넥 티셔츠 드레스 [다크 네이비]","[회원추천] (여자 165cm/67kg) 기준

                                적당함 L Size 구매","4.8","","","200개 이상","468","18,900원","","","","","","","24~33세
,
여성
에게 인기 많은 상품","여"
"1662122264-167052","https://www.musinsa.com/category/020007","","https://www.musinsa.com/app/goods/2743094","CURVED SILHOUETTE DRESS (light khaki)","","null","","","","0","289,000원","","","","","","","","여"
"1662122341-167169","https://www.musinsa.com/category/020007","","https://www.musinsa.com/app/goods/2733079","[D-PLEASANT PLEATS] 라임 플리츠 스카프세트 7부소매 원피스 DLDR2BP92L1","","null","","","","1","295,000원","","","","","","","","여"
"1662122500-167241","https://www.musinsa.com/category/020007","","https://www.musinsa.com/app/goods/1417726","우먼즈 크루 넥 티셔츠 드레스 [블랙]","[회원추천] (여자 170cm/68kg) 기준

                                적당함 L Size 구매","4.8","","","1.3천 개 이상","3,803","18,900원","","","","","","","24~33세
,
여성
에게 인기 많은 상품","여"
"1662122500-167264","https://www.musinsa.com/category/020007","","https://www.musinsa.com/app/goods/1417726","우먼즈 크루 넥 티셔츠 드레스 [블랙]","[회원추천] (여자 171cm/56kg) 기준

                                적당함 L Size 구매","4.8","","","1.3천 개 이상","3,803","18,900원","","","","","","","24~33세
,
여성
에게 인기 많은 상품","여"
"1662122304-167155","https://www.musinsa.com/category/020007","","https://www.musinsa.com/app/goods/1417729","우먼즈 크루 넥 티셔츠 드레스 [다크 네이비]","[회원추천] (여자 165cm/65kg) 기준

                                적당함 L Size 구매","4.8","","","200개 이상","468","18,900원","","","","","","","24~33세
,
여성
에게 인기 많은 상품","여"
"1662122304-167092","https://www.musinsa.com/category/020007","","https://www.musinsa.com/app/goods/1417729","우먼즈 크루 넥 티셔츠 드레스 [다크 네이비]","[회원추천] (여자 164cm/52kg) 기준

                                적당함 M Size 구매","4.8","","","200개 이상","468","18,900원","","","","","","","24~33세
,
여성
에게 인기 많은 상품","여"
"1662122358-167177","https://www.musinsa.com/category/020007","","https://www.musinsa.com/app/goods/2721572","Stitched Bustier Dress_QWDAX22502BKX","","null","","","","5","219,000원","","","","","","","","여"
"1662122500-167230","https://www.musinsa.com/category/020007","","https://www.musinsa.com/app/goods/1417726","우먼즈 크루 넥 티셔츠 드레스 [블랙]","[회원추천] (여자 162cm/50kg) 기준

                                적당함 M Size 구매","4.8","","","1.3천 개 이상","3,803","18,900원","","","","","","","24~33세
,
여성
에게 인기 많은 상품","여"
"1662122400-167193","https://www.musinsa.com/category/020007","","https://www.musinsa.com/app/goods/2748930","Off Shoulder Slim Dress","","null","","","","1","149,000원","","","","","","","","여"
"1662122319-167161","https://www.musinsa.com/category/020007","","https://www.musinsa.com/app/goods/2677630","플래드 리넨 셔츠 드레스 - 핑크","","null","","","","0","279,000원","","","","","","","","여"
"1662122304-167138","https://www.musinsa.com/category/020007","","https://www.musinsa.com/app/goods/1417729","우먼즈 크루 넥 티셔츠 드레스 [다크 네이비]","[회원추천] (여자 158cm/54kg) 기준

                                적당함 L Size 구매","4.8","","","200개 이상","468","18,900원","","","","","","","24~33세
,
여성
에게 인기 많은 상품","여"
"1662122304-167098","https://www.musinsa.com/category/020007","","https://www.musinsa.com/app/goods/1417729","우먼즈 크루 넥 티셔츠 드레스 [다크 네이비]","[회원추천] (여자 153cm/48kg) 기준

                                적당함 S Size 구매","4.8","","","200개 이상","468","18,900원","","","","","","","24~33세
,
여성
에게 인기 많은 상품","여"
"1662122435-167206","https://www.musinsa.com/category/020007","","https://www.musinsa.com/app/goods/2739616","COLOR SHIRT ONEPIECE_BLACK","","null","","","","7","135,000원","","","","","","","","여"
"1662122428-167203","https://www.musinsa.com/category/020007","","https://www.musinsa.com/app/goods/2734006","Half zip up traning long dress_Dark green","","null","","","","8","89,000원","","","","","","","","여"
"1662122304-167107","https://www.musinsa.com/category/020007","","https://www.musinsa.com/app/goods/1417729","우먼즈 크루 넥 티셔츠 드레스 [다크 네이비]","[회원추천] (여자 169cm/46kg) 기준

                                적당함 S Size 구매","4.8","","","200개 이상","468","18,900원","","","","","","","24~33세
,
여성
에게 인기 많은 상품","여"
"1662122279-167058","https://www.musinsa.com/category/020007","","https://www.musinsa.com/app/goods/2743912","엘리슨 패널드 니트 드레스 atb764w(JADE/BROWN)","","null","","","","8","359,000원","","","","","","","","여"
"1662122500-167316","https://www.musinsa.com/category/020007","","https://www.musinsa.com/app/goods/1417726","우먼즈 크루 넥 티셔츠 드레스 [블랙]","[회원추천] (여자 153cm/43kg) 기준

                                적당함 XS Size 구매","4.8","","","1.3천 개 이상","3,803","18,900원","","","","","","","24~33세
,
여성
에게 인기 많은 상품","여"
"1662122304-167118","https://www.musinsa.com/category/020007","","https://www.musinsa.com/app/goods/1417729","우먼즈 크루 넥 티셔츠 드레스 [다크 네이비]","[회원추천] (여자 160cm/50kg) 기준

                                적당함 S Size 구매","4.8","","","200개 이상","468","18,900원","","","","","","","24~33세
,
여성
에게 인기 많은 상품","여"
"1662122311-167158","https://www.musinsa.com/category/020007","","https://www.musinsa.com/app/goods/2742266","TWO-WAY DRESS / KHAKI BEIGE","","null","","","","19","168,000원","","","","","","","","여"
"1662122304-167145","https://www.musinsa.com/category/020007","","https://www.musinsa.com/app/goods/1417729","우먼즈 크루 넥 티셔츠 드레스 [다크 네이비]","[회원추천] (여자 162cm/53kg) 기준

                                적당함 M Size 구매","4.8","","","200개 이상","468","18,900원","","","","","","","24~33세
,
여성
에게 인기 많은 상품","여"
"1662122463-167216","https://www.musinsa.com/category/020007","","https://www.musinsa.com/app/goods/2741650","DUN high-quality black button_Dress","","null","","","","10","138,000원","","","","","","","","여"
"1662122500-167244","https://www.musinsa.com/category/020007","","https://www.musinsa.com/app/goods/1417726","우먼즈 크루 넥 티셔츠 드레스 [블랙]","[회원추천] (여자 160cm/62kg) 기준

                                적당함 M Size 구매","4.8","","","1.3천 개 이상","3,803","18,900원","","","","","","","24~33세
,
여성
에게 인기 많은 상품","여"
"1662122295-167064","https://www.musinsa.com/category/020007","","https://www.musinsa.com/app/goods/2743908","버클 백 니트 드레스 atb765w(BLUE/BROWN)","","null","","","","5","238,000원","","","","","","","","여"
"1662122353-167175","https://www.musinsa.com/category/020007","","https://www.musinsa.com/app/goods/2733075","[D-GIFT] 카키 플리츠 더블버튼 7부소매 원피스 DLDR2B291K1","","null","","","","1","425,000원","","","","","","","","여"
"1662122500-167235","https://www.musinsa.com/category/020007","","https://www.musinsa.com/app/goods/1417726","우먼즈 크루 넥 티셔츠 드레스 [블랙]","[회원추천] (여자 174cm/68kg) 기준

                                적당함 L Size 구매","4.8","","","1.3천 개 이상","3,803","18,900원","","","","","","","24~33세
,
여성
에게 인기 많은 상품","여"
"1662122306-167156","https://www.musinsa.com/category/020007","","https://www.musinsa.com/app/goods/2742670","JERSEY ZIP-UP COLLAR DRESS / BLACK","","null","","","","18","98,000원","","","","","","","","여"
"1662122500-167270","https://www.musinsa.com/category/020007","","https://www.musinsa.com/app/goods/1417726","우먼즈 크루 넥 티셔츠 드레스 [블랙]","[회원추천] (여자 166cm/47kg) 기준

                                적당함 M Size 구매","4.8","","","1.3천 개 이상","3,803","18,900원","","","","","","","24~33세
,
여성
에게 인기 많은 상품","여"
"1662122304-167083","https://www.musinsa.com/category/020007","","https://www.musinsa.com/app/goods/1417729","우먼즈 크루 넥 티셔츠 드레스 [다크 네이비]","[회원추천] (여자 160cm/52kg) 기준

                                적당함 M Size 구매","4.8","","","200개 이상","468","18,900원","","","","","","","24~33세
,
여성
에게 인기 많은 상품","여"
"1662122364-167180","https://www.musinsa.com/category/020007","","https://www.musinsa.com/app/goods/2759562","FLARE PUFF SLEEVE DRESS_BEIGE","[업체추천] (여자 173cm/48kg) 기준

                                적당함 SMALL_55 Size","null","","","","0","189,000원","","","","","","","","여"
"1662122438-167207","https://www.musinsa.com/category/020007","","https://www.musinsa.com/app/goods/2739643","COLOR SHIRT ONEPIECE_WHITE","","null","","","","6","135,000원","","","","","","","","여"
"1662122304-167080","https://www.musinsa.com/category/020007","","https://www.musinsa.com/app/goods/1417729","우먼즈 크루 넥 티셔츠 드레스 [다크 네이비]","[회원추천] (여자 163cm/48kg) 기준

                                적당함 L Size 구매","4.8","","","200개 이상","468","18,900원","","","","","","","24~33세
,
여성
에게 인기 많은 상품","여"
"1662122304-167113","https://www.musinsa.com/category/020007","","https://www.musinsa.com/app/goods/1417729","우먼즈 크루 넥 티셔츠 드레스 [다크 네이비]","[회원추천] (여자 153cm/48kg) 기준

                                적당함 XS Size 구매","4.8","","","200개 이상","468","18,900원","","","","","","","24~33세
,
여성
에게 인기 많은 상품","여"
"1662122304-167078","https://www.musinsa.com/category/020007","","https://www.musinsa.com/app/goods/1417729","우먼즈 크루 넥 티셔츠 드레스 [다크 네이비]","[회원추천] (여자 164cm/54kg) 기준

                                적당함 L Size 구매","4.8","","","200개 이상","468","18,900원","","","","","","","24~33세
,
여성
에게 인기 많은 상품","여"
"1662122419-167200","https://www.musinsa.com/category/020007","","https://www.musinsa.com/app/goods/2733090","[D-PLEASANT PLEATS] 블랙 플리츠 반팔원피스(스카프 세트) DLDR2BP91BK","","null","","","","2","325,000원","","","","","","","","여"
"1662122351-167174","https://www.musinsa.com/category/020007","","https://www.musinsa.com/app/goods/2748105","Wool 오픈드레스 베이지 원피스","","null","","","","3","298,000원","","","","","","","","여"
"1662122364-167179","https://www.musinsa.com/category/020007","","https://www.musinsa.com/app/goods/2759562","FLARE PUFF SLEEVE DRESS_BEIGE","[업체추천] (여자 173cm/48kg) 기준

                                적당함 MEDIUM_66 Size","null","","","","0","189,000원","","","","","","","","여"
"1662122500-167318","https://www.musinsa.com/category/020007","","https://www.musinsa.com/app/goods/1417726","우먼즈 크루 넥 티셔츠 드레스 [블랙]","[회원추천] (남자 164cm/50kg) 기준

                                적당함 M Size 구매","4.8","","","1.3천 개 이상","3,803","18,900원","","","","","","","24~33세
,
여성
에게 인기 많은 상품","여"
"1662122491-167227","https://www.musinsa.com/category/020007","","https://www.musinsa.com/app/goods/2751268","Line Point Mermaid Midi Dress_Butter","","null","","","","10","148,000원","","","","","","","","여"
"1662122304-167074","https://www.musinsa.com/category/020007","","https://www.musinsa.com/app/goods/1417729","우먼즈 크루 넥 티셔츠 드레스 [다크 네이비]","[회원추천] (여자 158cm/55kg) 기준

                                적당함 M Size 구매","4.8","","","200개 이상","468","18,900원","","","","","","","24~33세
,
여성
에게 인기 많은 상품","여"
"1662122500-167286","https://www.musinsa.com/category/020007","","https://www.musinsa.com/app/goods/1417726","우먼즈 크루 넥 티셔츠 드레스 [블랙]","[회원추천] (여자 169cm/70kg) 기준

                                큼 L Size 구매","4.8","","","1.3천 개 이상","3,803","18,900원","","","","","","","24~33세
,
여성
에게 인기 많은 상품","여"
"1662122500-167306","https://www.musinsa.com/category/020007","","https://www.musinsa.com/app/goods/1417726","우먼즈 크루 넥 티셔츠 드레스 [블랙]","[회원추천] (여자 163cm/56kg) 기준

                                적당함 M Size 구매","4.8","","","1.3천 개 이상","3,803","18,900원","","","","","","","24~33세
,
여성
에게 인기 많은 상품","여"
"1662122304-167088","https://www.musinsa.com/category/020007","","https://www.musinsa.com/app/goods/1417729","우먼즈 크루 넥 티셔츠 드레스 [다크 네이비]","[회원추천] (여자 166cm/58kg) 기준

                                적당함 L Size 구매","4.8","","","200개 이상","468","18,900원","","","","","","","24~33세
,
여성
에게 인기 많은 상품","여"
"1662122304-167082","https://www.musinsa.com/category/020007","","https://www.musinsa.com/app/goods/1417729","우먼즈 크루 넥 티셔츠 드레스 [다크 네이비]","[회원추천] (여자 162cm/52kg) 기준

                                적당함 M Size 구매","4.8","","","200개 이상","468","18,900원","","","","","","","24~33세
,
여성
에게 인기 많은 상품","여"
"1662122289-167062","https://www.musinsa.com/category/020007","","https://www.musinsa.com/app/goods/2743930","블라다 메쉬 벨트 벨벳 드레스 atb760w(DUSTY BLUE)","","null","","","","11","248,000원","","","","","","","","여"
"1662122322-167162","https://www.musinsa.com/category/020007","","https://www.musinsa.com/app/goods/2677629","롱 슬리브 조젯 미디 드레스 - 그린","","null","","","","3","279,000원","","","","","","","","여"
"1662122304-167084","https://www.musinsa.com/category/020007","","https://www.musinsa.com/app/goods/1417729","우먼즈 크루 넥 티셔츠 드레스 [다크 네이비]","[회원추천] (여자 161cm/57kg) 기준

                                적당함 M Size 구매","4.8","","","200개 이상","468","18,900원","","","","","","","24~33세
,
여성
에게 인기 많은 상품","여"
"1662122500-167329","https://www.musinsa.com/category/020007","","https://www.musinsa.com/app/goods/1417726","우먼즈 크루 넥 티셔츠 드레스 [블랙]","[회원추천] (여자 155cm/48kg) 기준

                                적당함 XS Size 구매","4.8","","","1.3천 개 이상","3,803","18,900원","","","","","","","24~33세
,
여성
에게 인기 많은 상품","여"
"1662122304-167137","https://www.musinsa.com/category/020007","","https://www.musinsa.com/app/goods/1417729","우먼즈 크루 넥 티셔츠 드레스 [다크 네이비]","[회원추천] (여자 156cm/53kg) 기준

                                적당함 XS Size 구매","4.8","","","200개 이상","468","18,900원","","","","","","","24~33세
,
여성
에게 인기 많은 상품","여"
"1662122445-167209","https://www.musinsa.com/category/020007","","https://www.musinsa.com/app/goods/2740721","MAARTEN ZIPUP DRESS BLACK","","null","","","","2","269,000원","","","","","","","","여"
"1662122500-167253","https://www.musinsa.com/category/020007","","https://www.musinsa.com/app/goods/1417726","우먼즈 크루 넥 티셔츠 드레스 [블랙]","[회원추천] (여자 168cm/59kg) 기준

                                적당함 L Size 구매","4.8","","","1.3천 개 이상","3,803","18,900원","","","","","","","24~33세
,
여성
에게 인기 많은 상품","여"
"1662122304-167148","https://www.musinsa.com/category/020007","","https://www.musinsa.com/app/goods/1417729","우먼즈 크루 넥 티셔츠 드레스 [다크 네이비]","[회원추천] (여자 160cm/49kg) 기준

                                적당함 S Size 구매","4.8","","","200개 이상","468","18,900원","","","","","","","24~33세
,
여성
에게 인기 많은 상품","여"
"1662122304-167101","https://www.musinsa.com/category/020007","","https://www.musinsa.com/app/goods/1417729","우먼즈 크루 넥 티셔츠 드레스 [다크 네이비]","[회원추천] (여자 156cm/41kg) 기준

                                적당함 XS Size 구매","4.8","","","200개 이상","468","18,900원","","","","","","","24~33세
,
여성
에게 인기 많은 상품","여"
"1662122500-167233","https://www.musinsa.com/category/020007","","https://www.musinsa.com/app/goods/1417726","우먼즈 크루 넥 티셔츠 드레스 [블랙]","[회원추천] (여자 166cm/51kg) 기준

                                적당함 M Size 구매","4.8","","","1.3천 개 이상","3,803","18,900원","","","","","","","24~33세
,
여성
에게 인기 많은 상품","여"
"1662122500-167256","https://www.musinsa.com/category/020007","","https://www.musinsa.com/app/goods/1417726","우먼즈 크루 넥 티셔츠 드레스 [블랙]","[회원추천] (여자 162cm/55kg) 기준

                                적당함 S Size 구매","4.8","","","1.3천 개 이상","3,803","18,900원","","","","","","","24~33세
,
여성
에게 인기 많은 상품","여"
"1662122304-167077","https://www.musinsa.com/category/020007","","https://www.musinsa.com/app/goods/1417729","우먼즈 크루 넥 티셔츠 드레스 [다크 네이비]","[회원추천] (여자 164cm/56kg) 기준

                                적당함 S Size 구매","4.8","","","200개 이상","468","18,900원","","","","","","","24~33세
,
여성
에게 인기 많은 상품","여"
"1662122500-167269","https://www.musinsa.com/category/020007","","https://www.musinsa.com/app/goods/1417726","우먼즈 크루 넥 티셔츠 드레스 [블랙]","[회원추천] (여자 168cm/56kg) 기준

                                적당함 M Size 구매","4.8","","","1.3천 개 이상","3,803","18,900원","","","","","","","24~33세
,
여성
에게 인기 많은 상품","여"
"1662122356-167176","https://www.musinsa.com/category/020007","","https://www.musinsa.com/app/goods/2721581","Stitched Bustier Dress_QWDAX22502GYX","","null","","","","9","219,000원","","","","","","","","여"
"1662122500-167312","https://www.musinsa.com/category/020007","","https://www.musinsa.com/app/goods/1417726","우먼즈 크루 넥 티셔츠 드레스 [블랙]","[회원추천] (남자 176cm/64kg) 기준

                                적당함 M Size 구매","4.8","","","1.3천 개 이상","3,803","18,900원","","","","","","","24~33세
,
여성
에게 인기 많은 상품","여"
"1662122500-167315","https://www.musinsa.com/category/020007","","https://www.musinsa.com/app/goods/1417726","우먼즈 크루 넥 티셔츠 드레스 [블랙]","[회원추천] (여자 158cm/47kg) 기준

                                적당함 S Size 구매","4.8","","","1.3천 개 이상","3,803","18,900원","","","","","","","24~33세
,
여성
에게 인기 많은 상품","여"
"1662122398-167192","https://www.musinsa.com/category/020007","","https://www.musinsa.com/app/goods/2733077","[D-GIFT] 브라운 스트랩 시어서커(지지미) 셔츠형원피스 DLDR2B591W3","","null","","","","0","425,000원","","","","","","","","여"
"1662122304-167072","https://www.musinsa.com/category/020007","","https://www.musinsa.com/app/goods/1417729","우먼즈 크루 넥 티셔츠 드레스 [다크 네이비]","[회원추천] (여자 165cm/55kg) 기준

                                적당함 M Size 구매","4.8","","","200개 이상","468","18,900원","","","","","","","24~33세
,
여성
에게 인기 많은 상품","여"
"1662122343-167170","https://www.musinsa.com/category/020007","","https://www.musinsa.com/app/goods/2733082","[D-GIFT] 네이비 플라워패턴 배색 긴팔카라원피스 DLSW2B491N2","","null","","","","0","395,000원","","","","","","","","여"
"1662122393-167190","https://www.musinsa.com/category/020007","","https://www.musinsa.com/app/goods/2728547","V Neck Shirt Long Dress - White","","null","","","","2","168,000원","","","","","","","","여"
"1662122369-167182","https://www.musinsa.com/category/020007","","https://www.musinsa.com/app/goods/2718498","J소매배색후드형져지원피스 JWOP626P","","null","","","","11","159,000원","","","","","","","","여"
"1662122277-167057","https://www.musinsa.com/category/020007","","https://www.musinsa.com/app/goods/2743907","버클 백 니트 드레스 atb765w(PINK/BLACK)","","null","","","","5","238,000원","","","","","","","","여"
"1662122269-167054","https://www.musinsa.com/category/020007","","https://www.musinsa.com/app/goods/2739089","IRREGULAR PLEATS LYOCELL DRESS_BLACK","","null","","","","1","267,000원","","","","","","","","여"
"1662122500-167252","https://www.musinsa.com/category/020007","","https://www.musinsa.com/app/goods/1417726","우먼즈 크루 넥 티셔츠 드레스 [블랙]","[회원추천] (여자 162cm/49kg) 기준

                                적당함 S Size 구매","4.8","","","1.3천 개 이상","3,803","18,900원","","","","","","","24~33세
,
여성
에게 인기 많은 상품","여"
"1662122304-167095","https://www.musinsa.com/category/020007","","https://www.musinsa.com/app/goods/1417729","우먼즈 크루 넥 티셔츠 드레스 [다크 네이비]","[회원추천] (여자 167cm/59kg) 기준

                                적당함 L Size 구매","4.8","","","200개 이상","468","18,900원","","","","","","","24~33세
,
여성
에게 인기 많은 상품","여"
"1662122304-167076","https://www.musinsa.com/category/020007","","https://www.musinsa.com/app/goods/1417729","우먼즈 크루 넥 티셔츠 드레스 [다크 네이비]","[회원추천] (여자 167cm/70kg) 기준

                                적당함 L Size 구매","4.8","","","200개 이상","468","18,900원","","","","","","","24~33세
,
여성
에게 인기 많은 상품","여"
"1662122500-167265","https://www.musinsa.com/category/020007","","https://www.musinsa.com/app/goods/1417726","우먼즈 크루 넥 티셔츠 드레스 [블랙]","[회원추천] (여자 154cm/45kg) 기준

                                적당함 M Size 구매","4.8","","","1.3천 개 이상","3,803","18,900원","","","","","","","24~33세
,
여성
에게 인기 많은 상품","여"
"1662122287-167061","https://www.musinsa.com/category/020007","","https://www.musinsa.com/app/goods/2715193","[women] 블랙 스트라이프 반소매 원피스 (BF2371N135)","","null","","","","1","199,000원","","","","","","","","여"
"1662122304-167141","https://www.musinsa.com/category/020007","","https://www.musinsa.com/app/goods/1417729","우먼즈 크루 넥 티셔츠 드레스 [다크 네이비]","[회원추천] (여자 160cm/52kg) 기준

                                적당함 M Size 구매","4.8","","","200개 이상","468","18,900원","","","","","","","24~33세
,
여성
에게 인기 많은 상품","여"
"1662122304-167147","https://www.musinsa.com/category/020007","","https://www.musinsa.com/app/goods/1417729","우먼즈 크루 넥 티셔츠 드레스 [다크 네이비]","[회원추천] (여자 152cm/45kg) 기준

                                적당함 XS Size 구매","4.8","","","200개 이상","468","18,900원","","","","","","","24~33세
,
여성
에게 인기 많은 상품","여"
"1662122500-167236","https://www.musinsa.com/category/020007","","https://www.musinsa.com/app/goods/1417726","우먼즈 크루 넥 티셔츠 드레스 [블랙]","[회원추천] (여자 158cm/50kg) 기준

                                적당함 M Size 구매","4.8","","","1.3천 개 이상","3,803","18,900원","","","","","","","24~33세
,
여성
에게 인기 많은 상품","여"
"1662122304-167090","https://www.musinsa.com/category/020007","","https://www.musinsa.com/app/goods/1417729","우먼즈 크루 넥 티셔츠 드레스 [다크 네이비]","[회원추천] (여자 168cm/48kg) 기준

                                적당함 M Size 구매","4.8","","","200개 이상","468","18,900원","","","","","","","24~33세
,
여성
에게 인기 많은 상품","여"
"1662122500-167328","https://www.musinsa.com/category/020007","","https://www.musinsa.com/app/goods/1417726","우먼즈 크루 넥 티셔츠 드레스 [블랙]","[회원추천] (여자 160cm/54kg) 기준

                                적당함 M Size 구매","4.8","","","1.3천 개 이상","3,803","18,900원","","","","","","","24~33세
,
여성
에게 인기 많은 상품","여"
"1662122304-167149","https://www.musinsa.com/category/020007","","https://www.musinsa.com/app/goods/1417729","우먼즈 크루 넥 티셔츠 드레스 [다크 네이비]","[회원추천] (여자 165cm/57kg) 기준

                                적당함 S Size 구매","4.8","","","200개 이상","468","18,900원","","","","","","","24~33세
,
여성
에게 인기 많은 상품","여"
"1662122500-167246","https://www.musinsa.com/category/020007","","https://www.musinsa.com/app/goods/1417726","우먼즈 크루 넥 티셔츠 드레스 [블랙]","[회원추천] (여자 165cm/47kg) 기준

                                적당함 S Size 구매","4.8","","","1.3천 개 이상","3,803","18,900원","","","","","","","24~33세
,
여성
에게 인기 많은 상품","여"
"1662122304-167120","https://www.musinsa.com/category/020007","","https://www.musinsa.com/app/goods/1417729","우먼즈 크루 넥 티셔츠 드레스 [다크 네이비]","[회원추천] (여자 152cm/46kg) 기준

                                적당함 XS Size 구매","4.8","","","200개 이상","468","18,900원","","","","","","","24~33세
,
여성
에게 인기 많은 상품","여"
"1662122309-167157","https://www.musinsa.com/category/020007","","https://www.musinsa.com/app/goods/2742711","JERSEY ZIP-UP COLLAR DRESS / IVORY","","null","","","","12","98,000원","","","","","","","","여"
"1662122500-167321","https://www.musinsa.com/category/020007","","https://www.musinsa.com/app/goods/1417726","우먼즈 크루 넥 티셔츠 드레스 [블랙]","[회원추천] (여자 170cm/60kg) 기준

                                적당함 L Size 구매","4.8","","","1.3천 개 이상","3,803","18,900원","","","","","","","24~33세
,
여성
에게 인기 많은 상품","여"
"1662122500-167279","https://www.musinsa.com/category/020007","","https://www.musinsa.com/app/goods/1417726","우먼즈 크루 넥 티셔츠 드레스 [블랙]","[회원추천] (여자 164cm/56kg) 기준

                                적당함 S Size 구매","4.8","","","1.3천 개 이상","3,803","18,900원","","","","","","","24~33세
,
여성
에게 인기 많은 상품","여"
"1662122304-167143","https://www.musinsa.com/category/020007","","https://www.musinsa.com/app/goods/1417729","우먼즈 크루 넥 티셔츠 드레스 [다크 네이비]","[회원추천] (여자 157cm/52kg) 기준

                                적당함 M Size 구매","4.8","","","200개 이상","468","18,900원","","","","","","","24~33세
,
여성
에게 인기 많은 상품","여"
"1662122425-167202","https://www.musinsa.com/category/020007","","https://www.musinsa.com/app/goods/2734009","Half zip up traning long dress_Black","","null","","","","19","89,000원","","","","","","","","여"
"1662122324-167163","https://www.musinsa.com/category/020007","","https://www.musinsa.com/app/goods/2743190","LONG SLEEVE LAYERED DRESS / IVORY","","null","","","","5","168,000원","","","","","","","","여"
"1662122304-167069","https://www.musinsa.com/category/020007","","https://www.musinsa.com/app/goods/1417729","우먼즈 크루 넥 티셔츠 드레스 [다크 네이비]","[회원추천] (여자 168cm/56kg) 기준

                                적당함 XS Size 구매","4.8","","","200개 이상","468","18,900원","","","","","","","24~33세
,
여성
에게 인기 많은 상품","여"
"1662122348-167173","https://www.musinsa.com/category/020007","","https://www.musinsa.com/app/goods/2759518","FLARE PUFF SLEEVE DRESS_BLACK","[업체추천] (여자 173cm/48kg) 기준

                                적당함 SMALL_55 Size","null","","","","2","189,000원","","","","","","","","여"
"1662122475-167221","https://www.musinsa.com/category/020007","","https://www.musinsa.com/app/goods/2746961","플라워 자가드 실키 원피스","","null","","","","4","132,000원","","","","","","","","여"
"1662122378-167185","https://www.musinsa.com/category/020007","","https://www.musinsa.com/app/goods/2732839","라운드 슬리브 카라 원피스 SWOPMI0100","","null","","","","4","239,000원","","","","","","","","여"
"1662122500-167296","https://www.musinsa.com/category/020007","","https://www.musinsa.com/app/goods/1417726","우먼즈 크루 넥 티셔츠 드레스 [블랙]","[회원추천] (여자 160cm/58kg) 기준

                                적당함 L Size 구매","4.8","","","1.3천 개 이상","3,803","18,900원","","","","","","","24~33세
,
여성
에게 인기 많은 상품","여"
"1662122304-167109","https://www.musinsa.com/category/020007","","https://www.musinsa.com/app/goods/1417729","우먼즈 크루 넥 티셔츠 드레스 [다크 네이비]","[회원추천] (여자 164cm/58kg) 기준

                                적당함 S Size 구매","4.8","","","200개 이상","468","18,900원","","","","","","","24~33세
,
여성
에게 인기 많은 상품","여"
"1662122304-167079","https://www.musinsa.com/category/020007","","https://www.musinsa.com/app/goods/1417729","우먼즈 크루 넥 티셔츠 드레스 [다크 네이비]","[회원추천] (여자 172cm/59kg) 기준

                                작음 L Size 구매","4.8","","","200개 이상","468","18,900원","","","","","","","24~33세
,
여성
에게 인기 많은 상품","여"
"1662122500-167239","https://www.musinsa.com/category/020007","","https://www.musinsa.com/app/goods/1417726","우먼즈 크루 넥 티셔츠 드레스 [블랙]","[회원추천] (여자 154cm/48kg) 기준

                                적당함 S Size 구매","4.8","","","1.3천 개 이상","3,803","18,900원","","","","","","","24~33세
,
여성
에게 인기 많은 상품","여"
"1662122500-167313","https://www.musinsa.com/category/020007","","https://www.musinsa.com/app/goods/1417726","우먼즈 크루 넥 티셔츠 드레스 [블랙]","[회원추천] (여자 165cm/63kg) 기준

                                적당함 M Size 구매","4.8","","","1.3천 개 이상","3,803","18,900원","","","","","","","24~33세
,
여성
에게 인기 많은 상품","여"
"1662122473-167220","https://www.musinsa.com/category/020007","","https://www.musinsa.com/app/goods/2744640","스몰 체리 드레스 [멜란지 그레이]","","null","","","","73","89,000원","","","","","","","","여"
"1662122375-167184","https://www.musinsa.com/category/020007","","https://www.musinsa.com/app/goods/2733083","[D-PLEASANT PLEATS] 블랙 스트랩 플리츠 민소매원피스 DLDR2BP93BK","","null","","","","1","295,000원","","","","","","","","여"
"1662122304-167085","https://www.musinsa.com/category/020007","","https://www.musinsa.com/app/goods/1417729","우먼즈 크루 넥 티셔츠 드레스 [다크 네이비]","[회원추천] (여자 162cm/49kg) 기준

                                적당함 M Size 구매","4.8","","","200개 이상","468","18,900원","","","","","","","24~33세
,
여성
에게 인기 많은 상품","여"
"1662122304-167142","https://www.musinsa.com/category/020007","","https://www.musinsa.com/app/goods/1417729","우먼즈 크루 넥 티셔츠 드레스 [다크 네이비]","[회원추천] (여자 162cm/53kg) 기준

                                적당함 M Size 구매","4.8","","","200개 이상","468","18,900원","","","","","","","24~33세
,
여성
에게 인기 많은 상품","여"
"1662122500-167240","https://www.musinsa.com/category/020007","","https://www.musinsa.com/app/goods/1417726","우먼즈 크루 넥 티셔츠 드레스 [블랙]","[회원추천] (여자 166cm/54kg) 기준

                                큼 L Size 구매","4.8","","","1.3천 개 이상","3,803","18,900원","","","","","","","24~33세
,
여성
에게 인기 많은 상품","여"
"1662122500-167304","https://www.musinsa.com/category/020007","","https://www.musinsa.com/app/goods/1417726","우먼즈 크루 넥 티셔츠 드레스 [블랙]","[회원추천] (여자 152cm/46kg) 기준

                                적당함 S Size 구매","4.8","","","1.3천 개 이상","3,803","18,900원","","","","","","","24~33세
,
여성
에게 인기 많은 상품","여"
"1662122292-167063","https://www.musinsa.com/category/020007","","https://www.musinsa.com/app/goods/2753327","W DENIM DRESS dark navy","","5","","","","7","289,000원","","","","","","","","여"
"1662122483-167224","https://www.musinsa.com/category/020007","","https://www.musinsa.com/app/goods/2744641","스몰 체리 드레스 [블랙]","","null","","","","260","89,000원","","","","","","","","여"
"1662122500-167287","https://www.musinsa.com/category/020007","","https://www.musinsa.com/app/goods/1417726","우먼즈 크루 넥 티셔츠 드레스 [블랙]","[회원추천] (여자 158cm/50kg) 기준

                                적당함 XS Size 구매","4.8","","","1.3천 개 이상","3,803","18,900원","","","","","","","24~33세
,
여성
에게 인기 많은 상품","여"
"1662122500-167278","https://www.musinsa.com/category/020007","","https://www.musinsa.com/app/goods/1417726","우먼즈 크루 넥 티셔츠 드레스 [블랙]","[회원추천] (여자 160cm/45kg) 기준

                                적당함 XS Size 구매","4.8","","","1.3천 개 이상","3,803","18,900원","","","","","","","24~33세
,
여성
에게 인기 많은 상품","여"
"1662122500-167280","https://www.musinsa.com/category/020007","","https://www.musinsa.com/app/goods/1417726","우먼즈 크루 넥 티셔츠 드레스 [블랙]","[회원추천] (여자 163cm/60kg) 기준

                                적당함 L Size 구매","4.8","","","1.3천 개 이상","3,803","18,900원","","","","","","","24~33세
,
여성
에게 인기 많은 상품","여"
"1662122500-167261","https://www.musinsa.com/category/020007","","https://www.musinsa.com/app/goods/1417726","우먼즈 크루 넥 티셔츠 드레스 [블랙]","[회원추천] (여자 160cm/53kg) 기준

                                적당함 S Size 구매","4.8","","","1.3천 개 이상","3,803","18,900원","","","","","","","24~33세
,
여성
에게 인기 많은 상품","여"
"1662122304-167067","https://www.musinsa.com/category/020007","","https://www.musinsa.com/app/goods/1417729","우먼즈 크루 넥 티셔츠 드레스 [다크 네이비]","[회원추천] (여자 157cm/50kg) 기준

                                적당함 M Size 구매","4.8","","","200개 이상","468","18,900원","","","","","","","24~33세
,
여성
에게 인기 많은 상품","여"
"1662122385-167187","https://www.musinsa.com/category/020007","","https://www.musinsa.com/app/goods/2723856","J그래픽우븐믹스져지원피스(ON) JWOP527A","","null","","","","15","199,000원","","","","","","","","여"
"1662122304-167071","https://www.musinsa.com/category/020007","","https://www.musinsa.com/app/goods/1417729","우먼즈 크루 넥 티셔츠 드레스 [다크 네이비]","[회원추천] (여자 160cm/55kg) 기준

                                적당함 M Size 구매","4.8","","","200개 이상","468","18,900원","","","","","","","24~33세
,
여성
에게 인기 많은 상품","여"
"1662122500-167307","https://www.musinsa.com/category/020007","","https://www.musinsa.com/app/goods/1417726","우먼즈 크루 넥 티셔츠 드레스 [블랙]","[회원추천] (여자 174cm/75kg) 기준

                                적당함 L Size 구매","4.8","","","1.3천 개 이상","3,803","18,900원","","","","","","","24~33세
,
여성
에게 인기 많은 상품","여"
"1662122304-167094","https://www.musinsa.com/category/020007","","https://www.musinsa.com/app/goods/1417729","우먼즈 크루 넥 티셔츠 드레스 [다크 네이비]","[회원추천] (여자 165cm/53kg) 기준

                                적당함 S Size 구매","4.8","","","200개 이상","468","18,900원","","","","","","","24~33세
,
여성
에게 인기 많은 상품","여"
"1662122500-167320","https://www.musinsa.com/category/020007","","https://www.musinsa.com/app/goods/1417726","우먼즈 크루 넥 티셔츠 드레스 [블랙]","[회원추천] (여자 173cm/85kg) 기준

                                적당함 L Size 구매","4.8","","","1.3천 개 이상","3,803","18,900원","","","","","","","24~33세
,
여성
에게 인기 많은 상품","여"
"1662122493-167228","https://www.musinsa.com/category/020007","","https://www.musinsa.com/app/goods/2748803","V-neck Shirring Midi Dress_Pink","","null","","","","4","142,000원","","","","","","","","여"
"1662122500-167309","https://www.musinsa.com/category/020007","","https://www.musinsa.com/app/goods/1417726","우먼즈 크루 넥 티셔츠 드레스 [블랙]","[회원추천] (여자 154cm/49kg) 기준

                                적당함 S Size 구매","4.8","","","1.3천 개 이상","3,803","18,900원","","","","","","","24~33세
,
여성
에게 인기 많은 상품","여"
"1662122304-167106","https://www.musinsa.com/category/020007","","https://www.musinsa.com/app/goods/1417729","우먼즈 크루 넥 티셔츠 드레스 [다크 네이비]","[회원추천] (여자 165cm/48kg) 기준

                                적당함 XS Size 구매","4.8","","","200개 이상","468","18,900원","","","","","","","24~33세
,
여성
에게 인기 많은 상품","여"
"1662122500-167310","https://www.musinsa.com/category/020007","","https://www.musinsa.com/app/goods/1417726","우먼즈 크루 넥 티셔츠 드레스 [블랙]","[회원추천] (여자 156cm/45kg) 기준

                                적당함 S Size 구매","4.8","","","1.3천 개 이상","3,803","18,900원","","","","","","","24~33세
,
여성
에게 인기 많은 상품","여"
"1662122500-167289","https://www.musinsa.com/category/020007","","https://www.musinsa.com/app/goods/1417726","우먼즈 크루 넥 티셔츠 드레스 [블랙]","[회원추천] (여자 161cm/51kg) 기준

                                적당함 M Size 구매","4.8","","","1.3천 개 이상","3,803","18,900원","","","","","","","24~33세
,
여성
에게 인기 많은 상품","여"
"1662122500-167325","https://www.musinsa.com/category/020007","","https://www.musinsa.com/app/goods/1417726","우먼즈 크루 넥 티셔츠 드레스 [블랙]","[회원추천] (여자 148cm/52kg) 기준

                                적당함 S Size 구매","4.8","","","1.3천 개 이상","3,803","18,900원","","","","","","","24~33세
,
여성
에게 인기 많은 상품","여"
"1662122500-167231","https://www.musinsa.com/category/020007","","https://www.musinsa.com/app/goods/1417726","우먼즈 크루 넥 티셔츠 드레스 [블랙]","[회원추천] (여자 160cm/45kg) 기준

                                적당함 XS Size 구매","4.8","","","1.3천 개 이상","3,803","18,900원","","","","","","","24~33세
,
여성
에게 인기 많은 상품","여"
"1662122267-167053","https://www.musinsa.com/category/020007","","https://www.musinsa.com/app/goods/2715196","[women] 네이비 롱 피케 원피스 (BF2371N03R)","","null","","","","41","199,000원","","","","","","","","여"
"1662122500-167290","https://www.musinsa.com/category/020007","","https://www.musinsa.com/app/goods/1417726","우먼즈 크루 넥 티셔츠 드레스 [블랙]","[회원추천] (여자 165cm/51kg) 기준

                                적당함 XS Size 구매","4.8","","","1.3천 개 이상","3,803","18,900원","","","","","","","24~33세
,
여성
에게 인기 많은 상품","여"
"1662122406-167195","https://www.musinsa.com/category/020007","","https://www.musinsa.com/app/goods/2748935","Off Shoulder A-line Dress","","null","","","","1","149,000원","","","","","","","","여"
"1662122465-167217","https://www.musinsa.com/category/020007","","https://www.musinsa.com/app/goods/2741349","WED Detachable ribbon poly dress_2 color","","null","","","","7","198,000원","","","","","","","","여"
"1662122304-167093","https://www.musinsa.com/category/020007","","https://www.musinsa.com/app/goods/1417729","우먼즈 크루 넥 티셔츠 드레스 [다크 네이비]","[회원추천] (여자 158cm/52kg) 기준

                                적당함 XS Size 구매","4.8","","","200개 이상","468","18,900원","","","","","","","24~33세
,
여성
에게 인기 많은 상품","여"
"1662122500-167291","https://www.musinsa.com/category/020007","","https://www.musinsa.com/app/goods/1417726","우먼즈 크루 넥 티셔츠 드레스 [블랙]","[회원추천] (여자 162cm/62kg) 기준

                                적당함 M Size 구매","4.8","","","1.3천 개 이상","3,803","18,900원","","","","","","","24~33세
,
여성
에게 인기 많은 상품","여"
"1662122480-167223","https://www.musinsa.com/category/020007","","https://www.musinsa.com/app/goods/2745709","하이넥 숄더 셔링 벨트 원피스","","null","","","","1","113,000원","","","","","","","","여"
"1662122304-167117","https://www.musinsa.com/category/020007","","https://www.musinsa.com/app/goods/1417729","우먼즈 크루 넥 티셔츠 드레스 [다크 네이비]","[회원추천] (여자 167cm/55kg) 기준

                                적당함 L Size 구매","4.8","","","200개 이상","468","18,900원","","","","","","","24~33세
,
여성
에게 인기 많은 상품","여"
"1662122500-167266","https://www.musinsa.com/category/020007","","https://www.musinsa.com/app/goods/1417726","우먼즈 크루 넥 티셔츠 드레스 [블랙]","[회원추천] (여자 160cm/45kg) 기준

                                적당함 XS Size 구매","4.8","","","1.3천 개 이상","3,803","18,900원","","","","","","","24~33세
,
여성
에게 인기 많은 상품","여"
"1662122500-167247","https://www.musinsa.com/category/020007","","https://www.musinsa.com/app/goods/1417726","우먼즈 크루 넥 티셔츠 드레스 [블랙]","[회원추천] (여자 158cm/54kg) 기준

                                적당함 S Size 구매","4.8","","","1.3천 개 이상","3,803","18,900원","","","","","","","24~33세
,
여성
에게 인기 많은 상품","여"
"1662122500-167258","https://www.musinsa.com/category/020007","","https://www.musinsa.com/app/goods/1417726","우먼즈 크루 넥 티셔츠 드레스 [블랙]","[회원추천] (여자 166cm/53kg) 기준

                                큼 L Size 구매","4.8","","","1.3천 개 이상","3,803","18,900원","","","","","","","24~33세
,
여성
에게 인기 많은 상품","여"
"1662122304-167102","https://www.musinsa.com/category/020007","","https://www.musinsa.com/app/goods/1417729","우먼즈 크루 넥 티셔츠 드레스 [다크 네이비]","[회원추천] (여자 166cm/60kg) 기준

                                적당함 L Size 구매","4.8","","","200개 이상","468","18,900원","","","","","","","24~33세
,
여성
에게 인기 많은 상품","여"
"1662122284-167060","https://www.musinsa.com/category/020007","","https://www.musinsa.com/app/goods/2677633","데님 시프트 드레스 - 블루","","null","","","","3","259,000원","","","","","","","","여"
"1662122317-167160","https://www.musinsa.com/category/020007","","https://www.musinsa.com/app/goods/2677631","플래드 트윌 셔츠 드레스 - 베이지","","null","","","","0","279,000원","","","","","","","","여"
"1662122304-167123","https://www.musinsa.com/category/020007","","https://www.musinsa.com/app/goods/1417729","우먼즈 크루 넥 티셔츠 드레스 [다크 네이비]","[회원추천] (여자 155cm/50kg) 기준

                                작음 S Size 구매","4.8","","","200개 이상","468","18,900원","","","","","","","24~33세
,
여성
에게 인기 많은 상품","여"
"1662122485-167225","https://www.musinsa.com/category/020007","","https://www.musinsa.com/app/goods/2751290","Line Point Mermaid Midi Dress_Blue","","null","","","","22","148,000원","","","","","","","","여"
"1662122500-167249","https://www.musinsa.com/category/020007","","https://www.musinsa.com/app/goods/1417726","우먼즈 크루 넥 티셔츠 드레스 [블랙]","[회원추천] (여자 158cm/72kg) 기준

                                적당함 L Size 구매","4.8","","","1.3천 개 이상","3,803","18,900원","","","","","","","24~33세
,
여성
에게 인기 많은 상품","여"
"1662122422-167201","https://www.musinsa.com/category/020007","","https://www.musinsa.com/app/goods/2733081","[D-PLEASANT PLEATS] 퍼플 플리츠 스카프세트 7부소매 원피스 DLDR2BP92U1","","null","","","","0","295,000원","","","","","","","","여"
"1662122304-167089","https://www.musinsa.com/category/020007","","https://www.musinsa.com/app/goods/1417729","우먼즈 크루 넥 티셔츠 드레스 [다크 네이비]","[회원추천] (여자 165cm/50kg) 기준

                                적당함 S Size 구매","4.8","","","200개 이상","468","18,900원","","","","","","","24~33세
,
여성
에게 인기 많은 상품","여"
"1662122500-167276","https://www.musinsa.com/category/020007","","https://www.musinsa.com/app/goods/1417726","우먼즈 크루 넥 티셔츠 드레스 [블랙]","[회원추천] (여자 165cm/63kg) 기준

                                적당함 M Size 구매","4.8","","","1.3천 개 이상","3,803","18,900원","","","","","","","24~33세
,
여성
에게 인기 많은 상품","여"
"1662122433-167205","https://www.musinsa.com/category/020007","","https://www.musinsa.com/app/goods/2734008","Half zip up traning long dress_Oatmeal","","null","","","","33","89,000원","","","","","","","","여"
"1662122332-167166","https://www.musinsa.com/category/020007","","https://www.musinsa.com/app/goods/2753329","W DENIM DRESS stone blue","","5","","","","3","289,000원","","","","","","","","여"
"1662122441-167208","https://www.musinsa.com/category/020007","","https://www.musinsa.com/app/goods/2740719","MONTE ROSA DRESS DARK NAVY","","null","","","","0","289,000원","","","","","","","","여"
"1662122500-167302","https://www.musinsa.com/category/020007","","https://www.musinsa.com/app/goods/1417726","우먼즈 크루 넥 티셔츠 드레스 [블랙]","[회원추천] (여자 158cm/55kg) 기준

                                적당함 M Size 구매","4.8","","","1.3천 개 이상","3,803","18,900원","","","","","","","24~33세
,
여성
에게 인기 많은 상품","여"
"1662122500-167292","https://www.musinsa.com/category/020007","","https://www.musinsa.com/app/goods/1417726","우먼즈 크루 넥 티셔츠 드레스 [블랙]","[회원추천] (여자 165cm/56kg) 기준

                                적당함 L Size 구매","4.8","","","1.3천 개 이상","3,803","18,900원","","","","","","","24~33세
,
여성
에게 인기 많은 상품","여"
"1662122304-167127","https://www.musinsa.com/category/020007","","https://www.musinsa.com/app/goods/1417729","우먼즈 크루 넥 티셔츠 드레스 [다크 네이비]","[회원추천] (여자 156cm/55kg) 기준

                                큼 L Size 구매","4.8","","","200개 이상","468","18,900원","","","","","","","24~33세
,
여성
에게 인기 많은 상품","여"
"1662122395-167191","https://www.musinsa.com/category/020007","","https://www.musinsa.com/app/goods/2728445","V Neck Shirt Long Dress - Black","","null","","","","0","168,000원","","","","","","","","여"
"1662122500-167271","https://www.musinsa.com/category/020007","","https://www.musinsa.com/app/goods/1417726","우먼즈 크루 넥 티셔츠 드레스 [블랙]","[회원추천] (여자 164cm/55kg) 기준

                                적당함 M Size 구매","4.8","","","1.3천 개 이상","3,803","18,900원","","","","","","","24~33세
,
여성
에게 인기 많은 상품","여"
"1662122304-167073","https://www.musinsa.com/category/020007","","https://www.musinsa.com/app/goods/1417729","우먼즈 크루 넥 티셔츠 드레스 [다크 네이비]","[회원추천] (여자 158cm/50kg) 기준

                                적당함 XS Size 구매","4.8","","","200개 이상","468","18,900원","","","","","","","24~33세
,
여성
에게 인기 많은 상품","여"
"1662122500-167274","https://www.musinsa.com/category/020007","","https://www.musinsa.com/app/goods/1417726","우먼즈 크루 넥 티셔츠 드레스 [블랙]","[회원추천] (남자 183cm/83kg) 기준

                                작음 L Size 구매","4.8","","","1.3천 개 이상","3,803","18,900원","","","","","","","24~33세
,
여성
에게 인기 많은 상품","여"
"1662122500-167303","https://www.musinsa.com/category/020007","","https://www.musinsa.com/app/goods/1417726","우먼즈 크루 넥 티셔츠 드레스 [블랙]","[회원추천] (여자 166cm/55kg) 기준

                                적당함 M Size 구매","4.8","","","1.3천 개 이상","3,803","18,900원","","","","","","","24~33세
,
여성
에게 인기 많은 상품","여"
"1662122304-167115","https://www.musinsa.com/category/020007","","https://www.musinsa.com/app/goods/1417729","우먼즈 크루 넥 티셔츠 드레스 [다크 네이비]","[회원추천] (여자 155cm/41kg) 기준

                                적당함 XS Size 구매","4.8","","","200개 이상","468","18,900원","","","","","","","24~33세
,
여성
에게 인기 많은 상품","여"
"1662122500-167285","https://www.musinsa.com/category/020007","","https://www.musinsa.com/app/goods/1417726","우먼즈 크루 넥 티셔츠 드레스 [블랙]","[회원추천] (여자 155cm/51kg) 기준

                                적당함 S Size 구매","4.8","","","1.3천 개 이상","3,803","18,900원","","","","","","","24~33세
,
여성
에게 인기 많은 상품","여"
"1662122304-167068","https://www.musinsa.com/category/020007","","https://www.musinsa.com/app/goods/1417729","우먼즈 크루 넥 티셔츠 드레스 [다크 네이비]","[회원추천] (남자 177cm/70kg) 기준

                                작음 S Size 구매","4.8","","","200개 이상","468","18,900원","","","","","","","24~33세
,
여성
에게 인기 많은 상품","여"
"1662122304-167112","https://www.musinsa.com/category/020007","","https://www.musinsa.com/app/goods/1417729","우먼즈 크루 넥 티셔츠 드레스 [다크 네이비]","[회원추천] (여자 160cm/57kg) 기준

                                적당함 M Size 구매","4.8","","","200개 이상","468","18,900원","","","","","","","24~33세
,
여성
에게 인기 많은 상품","여"
"1662122304-167081","https://www.musinsa.com/category/020007","","https://www.musinsa.com/app/goods/1417729","우먼즈 크루 넥 티셔츠 드레스 [다크 네이비]","[회원추천] (여자 161cm/57kg) 기준

                                적당함 M Size 구매","4.8","","","200개 이상","468","18,900원","","","","","","","24~33세
,
여성
에게 인기 많은 상품","여"
"1662122500-167326","https://www.musinsa.com/category/020007","","https://www.musinsa.com/app/goods/1417726","우먼즈 크루 넥 티셔츠 드레스 [블랙]","[회원추천] (여자 163cm/55kg) 기준

                                적당함 M Size 구매","4.8","","","1.3천 개 이상","3,803","18,900원","","","","","","","24~33세
,
여성
에게 인기 많은 상품","여"
"1662122409-167196","https://www.musinsa.com/category/020007","","https://www.musinsa.com/app/goods/2758757","Moist black robe","","null","","","","2","269,000원","","","","","","","","여"
"1662122348-167172","https://www.musinsa.com/category/020007","","https://www.musinsa.com/app/goods/2759518","FLARE PUFF SLEEVE DRESS_BLACK","[업체추천] (여자 173cm/48kg) 기준

                                적당함 MEDIUM_66 Size","null","","","","2","189,000원","","","","","","","","여"
"1662122500-167254","https://www.musinsa.com/category/020007","","https://www.musinsa.com/app/goods/1417726","우먼즈 크루 넥 티셔츠 드레스 [블랙]","[회원추천] (여자 158cm/48kg) 기준

                                큼 XS Size 구매","4.8","","","1.3천 개 이상","3,803","18,900원","","","","","","","24~33세
,
여성
에게 인기 많은 상품","여"
"1662122304-167119","https://www.musinsa.com/category/020007","","https://www.musinsa.com/app/goods/1417729","우먼즈 크루 넥 티셔츠 드레스 [다크 네이비]","[회원추천] (여자 155cm/50kg) 기준

                                큼 M Size 구매","4.8","","","200개 이상","468","18,900원","","","","","","","24~33세
,
여성
에게 인기 많은 상품","여"
"1662122304-167075","https://www.musinsa.com/category/020007","","https://www.musinsa.com/app/goods/1417729","우먼즈 크루 넥 티셔츠 드레스 [다크 네이비]","[회원추천] (여자 160cm/53kg) 기준

                                적당함 L Size 구매","4.8","","","200개 이상","468","18,900원","","","","","","","24~33세
,
여성
에게 인기 많은 상품","여"
"1662122500-167324","https://www.musinsa.com/category/020007","","https://www.musinsa.com/app/goods/1417726","우먼즈 크루 넥 티셔츠 드레스 [블랙]","[회원추천] (여자 165cm/50kg) 기준

                                적당함 S Size 구매","4.8","","","1.3천 개 이상","3,803","18,900원","","","","","","","24~33세
,
여성
에게 인기 많은 상품","여"
"1662122304-167087","https://www.musinsa.com/category/020007","","https://www.musinsa.com/app/goods/1417729","우먼즈 크루 넥 티셔츠 드레스 [다크 네이비]","[회원추천] (여자 153cm/43kg) 기준

                                적당함 XS Size 구매","4.8","","","200개 이상","468","18,900원","","","","","","","24~33세
,
여성
에게 인기 많은 상품","여"
"1662122304-167146","https://www.musinsa.com/category/020007","","https://www.musinsa.com/app/goods/1417729","우먼즈 크루 넥 티셔츠 드레스 [다크 네이비]","[회원추천] (여자 162cm/53kg) 기준

                                적당함 M Size 구매","4.8","","","200개 이상","468","18,900원","","","","","","","24~33세
,
여성
에게 인기 많은 상품","여"
"1662122304-167151","https://www.musinsa.com/category/020007","","https://www.musinsa.com/app/goods/1417729","우먼즈 크루 넥 티셔츠 드레스 [다크 네이비]","[회원추천] (여자 160cm/55kg) 기준

                                적당함 S Size 구매","4.8","","","200개 이상","468","18,900원","","","","","","","24~33세
,
여성
에게 인기 많은 상품","여"
"1662122460-167215","https://www.musinsa.com/category/020007","","https://www.musinsa.com/app/goods/2743778","풀오버 후드티 원피스 블랙 FA3OPL01-BK","","null","","","","14","69,000원","","","","","","","","여"
"1662122304-167130","https://www.musinsa.com/category/020007","","https://www.musinsa.com/app/goods/1417729","우먼즈 크루 넥 티셔츠 드레스 [다크 네이비]","[회원추천] (여자 170cm/60kg) 기준

                                적당함 M Size 구매","4.8","","","200개 이상","468","18,900원","","","","","","","24~33세
,
여성
에게 인기 많은 상품","여"
"1662122382-167186","https://www.musinsa.com/category/020007","","https://www.musinsa.com/app/goods/2721606","Silhouetted Volume Dress_QWDAX22522BUX","","null","","","","5","219,000원","","","","","","","","여"
"1662122387-167188","https://www.musinsa.com/category/020007","","https://www.musinsa.com/app/goods/2727828","Be my love heart dress (Sky blue)","","null","","","","11","289,000원","","","","","","","","여"
"1662122500-167232","https://www.musinsa.com/category/020007","","https://www.musinsa.com/app/goods/1417726","우먼즈 크루 넥 티셔츠 드레스 [블랙]","[회원추천] (여자 160cm/50kg) 기준

                                적당함 S Size 구매","4.8","","","1.3천 개 이상","3,803","18,900원","","","","","","","24~33세
,
여성
에게 인기 많은 상품","여"
"1662122304-167104","https://www.musinsa.com/category/020007","","https://www.musinsa.com/app/goods/1417729","우먼즈 크루 넥 티셔츠 드레스 [다크 네이비]","[회원추천] (여자 158cm/52kg) 기준

                                적당함 S Size 구매","4.8","","","200개 이상","468","18,900원","","","","","","","24~33세
,
여성
에게 인기 많은 상품","여"
"1662122500-167322","https://www.musinsa.com/category/020007","","https://www.musinsa.com/app/goods/1417726","우먼즈 크루 넥 티셔츠 드레스 [블랙]","[회원추천] (여자 163cm/50kg) 기준

                                적당함 S Size 구매","4.8","","","1.3천 개 이상","3,803","18,900원","","","","","","","24~33세
,
여성
에게 인기 많은 상품","여"
"1662122500-167234","https://www.musinsa.com/category/020007","","https://www.musinsa.com/app/goods/1417726","우먼즈 크루 넥 티셔츠 드레스 [블랙]","[회원추천] (여자 167cm/53kg) 기준

                                적당함 M Size 구매","4.8","","","1.3천 개 이상","3,803","18,900원","","","","","","","24~33세
,
여성
에게 인기 많은 상품","여"
"1662122500-167282","https://www.musinsa.com/category/020007","","https://www.musinsa.com/app/goods/1417726","우먼즈 크루 넥 티셔츠 드레스 [블랙]","[회원추천] (여자 155cm/50kg) 기준

                                큼 M Size 구매","4.8","","","1.3천 개 이상","3,803","18,900원","","","","","","","24~33세
,
여성
에게 인기 많은 상품","여"
"1662122390-167189","https://www.musinsa.com/category/020007","","https://www.musinsa.com/app/goods/2749302","셔츠 캉캉 원피스_SPOWC49G01","","null","","","","17","49,900원","","","","","","","","여"
"1662122500-167272","https://www.musinsa.com/category/020007","","https://www.musinsa.com/app/goods/1417726","우먼즈 크루 넥 티셔츠 드레스 [블랙]","[회원추천] (여자 158cm/60kg) 기준

                                적당함 M Size 구매","4.8","","","1.3천 개 이상","3,803","18,900원","","","","","","","24~33세
,
여성
에게 인기 많은 상품","여"
"1662122500-167297","https://www.musinsa.com/category/020007","","https://www.musinsa.com/app/goods/1417726","우먼즈 크루 넥 티셔츠 드레스 [블랙]","[회원추천] (여자 158cm/75kg) 기준

                                적당함 L Size 구매","4.8","","","1.3천 개 이상","3,803","18,900원","","","","","","","24~33세
,
여성
에게 인기 많은 상품","여"
"1662122299-167066","https://www.musinsa.com/category/020007","","https://www.musinsa.com/app/goods/2755839","2G00003 5396Q 999 여자 민소매 패딩 플레어 원피스","","null","","","","0","1,369,000원","","","","","","","","여"
"1662122496-167229","https://www.musinsa.com/category/020007","","https://www.musinsa.com/app/goods/2759775","BIG LOGO HOOD ONEPIECE / BLACK","","null","","","","10","89,000원","","","","","","","","여"
"1662122500-167268","https://www.musinsa.com/category/020007","","https://www.musinsa.com/app/goods/1417726","우먼즈 크루 넥 티셔츠 드레스 [블랙]","[회원추천] (여자 163cm/60kg) 기준

                                적당함 M Size 구매","4.8","","","1.3천 개 이상","3,803","18,900원","","","","","","","24~33세
,
여성
에게 인기 많은 상품","여"
"1662122304-167140","https://www.musinsa.com/category/020007","","https://www.musinsa.com/app/goods/1417729","우먼즈 크루 넥 티셔츠 드레스 [다크 네이비]","[회원추천] (여자 163cm/51kg) 기준

                                적당함 S Size 구매","4.8","","","200개 이상","468","18,900원","","","","","","","24~33세
,
여성
에게 인기 많은 상품","여"
"1662122500-167245","https://www.musinsa.com/category/020007","","https://www.musinsa.com/app/goods/1417726","우먼즈 크루 넥 티셔츠 드레스 [블랙]","[회원추천] (여자 163cm/52kg) 기준

                                적당함 M Size 구매","4.8","","","1.3천 개 이상","3,803","18,900원","","","","","","","24~33세
,
여성
에게 인기 많은 상품","여"
"1662122500-167308","https://www.musinsa.com/category/020007","","https://www.musinsa.com/app/goods/1417726","우먼즈 크루 넥 티셔츠 드레스 [블랙]","[회원추천] (여자 166cm/54kg) 기준

                                적당함 L Size 구매","4.8","","","1.3천 개 이상","3,803","18,900원","","","","","","","24~33세
,
여성
에게 인기 많은 상품","여"
"1662122450-167211","https://www.musinsa.com/category/020007","","https://www.musinsa.com/app/goods/2741331","WED Front hole neck flare dress","","null","","","","14","198,000원","","","","","","","","여"
"1662122417-167199","https://www.musinsa.com/category/020007","","https://www.musinsa.com/app/goods/2731613","빅 트위치로고 루즈핏 후드 원피스 블랙","","null","","","","90","79,000원","","","","","","","","여"
"1662122304-167116","https://www.musinsa.com/category/020007","","https://www.musinsa.com/app/goods/1417729","우먼즈 크루 넥 티셔츠 드레스 [다크 네이비]","[회원추천] (여자 160cm/55kg) 기준

                                적당함 L Size 구매","4.8","","","200개 이상","468","18,900원","","","","","","","24~33세
,
여성
에게 인기 많은 상품","여"
"1662122500-167301","https://www.musinsa.com/category/020007","","https://www.musinsa.com/app/goods/1417726","우먼즈 크루 넥 티셔츠 드레스 [블랙]","[회원추천] (여자 163cm/43kg) 기준

                                적당함 S Size 구매","4.8","","","1.3천 개 이상","3,803","18,900원","","","","","","","24~33세
,
여성
에게 인기 많은 상품","여"
"1662122500-167275","https://www.musinsa.com/category/020007","","https://www.musinsa.com/app/goods/1417726","우먼즈 크루 넥 티셔츠 드레스 [블랙]","[회원추천] (여자 162cm/52kg) 기준

                                적당함 M Size 구매","4.8","","","1.3천 개 이상","3,803","18,900원","","","","","","","24~33세
,
여성
에게 인기 많은 상품","여"
"1662122304-167153","https://www.musinsa.com/category/020007","","https://www.musinsa.com/app/goods/1417729","우먼즈 크루 넥 티셔츠 드레스 [다크 네이비]","[회원추천] (여자 162cm/48kg) 기준

                                적당함 M Size 구매","4.8","","","200개 이상","468","18,900원","","","","","","","24~33세
,
여성
에게 인기 많은 상품","여"
"1662122304-167111","https://www.musinsa.com/category/020007","","https://www.musinsa.com/app/goods/1417729","우먼즈 크루 넥 티셔츠 드레스 [다크 네이비]","[회원추천] (여자 170cm/59kg) 기준

                                적당함 S Size 구매","4.8","","","200개 이상","468","18,900원","","","","","","","24~33세
,
여성
에게 인기 많은 상품","여"
"1662122500-167251","https://www.musinsa.com/category/020007","","https://www.musinsa.com/app/goods/1417726","우먼즈 크루 넥 티셔츠 드레스 [블랙]","[회원추천] (여자 160cm/50kg) 기준

                                적당함 M Size 구매","4.8","","","1.3천 개 이상","3,803","18,900원","","","","","","","24~33세
,
여성
에게 인기 많은 상품","여"
"1662122304-167108","https://www.musinsa.com/category/020007","","https://www.musinsa.com/app/goods/1417729","우먼즈 크루 넥 티셔츠 드레스 [다크 네이비]","[회원추천] (여자 167cm/76kg) 기준

                                적당함 L Size 구매","4.8","","","200개 이상","468","18,900원","","","","","","","24~33세
,
여성
에게 인기 많은 상품","여"
"1662122304-167103","https://www.musinsa.com/category/020007","","https://www.musinsa.com/app/goods/1417729","우먼즈 크루 넥 티셔츠 드레스 [다크 네이비]","[회원추천] (여자 170cm/55kg) 기준

                                적당함 L Size 구매","4.8","","","200개 이상","468","18,900원","","","","","","","24~33세
,
여성
에게 인기 많은 상품","여"
"1662122500-167319","https://www.musinsa.com/category/020007","","https://www.musinsa.com/app/goods/1417726","우먼즈 크루 넥 티셔츠 드레스 [블랙]","[회원추천] (여자 160cm/48kg) 기준

                                적당함 M Size 구매","4.8","","","1.3천 개 이상","3,803","18,900원","","","","","","","24~33세
,
여성
에게 인기 많은 상품","여"
"1662122500-167283","https://www.musinsa.com/category/020007","","https://www.musinsa.com/app/goods/1417726","우먼즈 크루 넥 티셔츠 드레스 [블랙]","[회원추천] (여자 151cm/50kg) 기준

                                적당함 S Size 구매","4.8","","","1.3천 개 이상","3,803","18,900원","","","","","","","24~33세
,
여성
에게 인기 많은 상품","여"
"1662122361-167178","https://www.musinsa.com/category/020007","","https://www.musinsa.com/app/goods/2740582","풀집업 아우터형 원피스_GY","","null","","","","4","290,000원","","","","","","","","여"
"1662122412-167197","https://www.musinsa.com/category/020007","","https://www.musinsa.com/app/goods/2731612","빅 트위치로고 루즈핏 후드 원피스 멜란지 그레이","","null","","","","70","79,000원","","","","","","","","여"
"1662122477-167222","https://www.musinsa.com/category/020007","","https://www.musinsa.com/app/goods/2745672","셔링 튜브탑 드레스","","null","","","","3","102,000원","","","","","","","","여"
"1662122500-167299","https://www.musinsa.com/category/020007","","https://www.musinsa.com/app/goods/1417726","우먼즈 크루 넥 티셔츠 드레스 [블랙]","[회원추천] (여자 160cm/54kg) 기준

                                적당함 S Size 구매","4.8","","","1.3천 개 이상","3,803","18,900원","","","","","","","24~33세
,
여성
에게 인기 많은 상품","여"
"1662122500-167243","https://www.musinsa.com/category/020007","","https://www.musinsa.com/app/goods/1417726","우먼즈 크루 넥 티셔츠 드레스 [블랙]","[회원추천] (여자 168cm/57kg) 기준

                                적당함 S Size 구매","4.8","","","1.3천 개 이상","3,803","18,900원","","","","","","","24~33세
,
여성
에게 인기 많은 상품","여"
"1662122500-167284","https://www.musinsa.com/category/020007","","https://www.musinsa.com/app/goods/1417726","우먼즈 크루 넥 티셔츠 드레스 [블랙]","[회원추천] (여자 156cm/46kg) 기준

                                적당함 XS Size 구매","4.8","","","1.3천 개 이상","3,803","18,900원","","","","","","","24~33세
,
여성
에게 인기 많은 상품","여"
"1662122453-167212","https://www.musinsa.com/category/020007","","https://www.musinsa.com/app/goods/2743776","풀오버 후드티 원피스 오트밀 FA3OPL01-OM","","null","","","","22","69,000원","","","","","","","","여"
"1662122304-167096","https://www.musinsa.com/category/020007","","https://www.musinsa.com/app/goods/1417729","우먼즈 크루 넥 티셔츠 드레스 [다크 네이비]","[회원추천] (남자 176cm/86kg) 기준

                                적당함 L Size 구매","4.8","","","200개 이상","468","18,900원","","","","","","","24~33세
,
여성
에게 인기 많은 상품","여"
